,name,score,comment
0,忻钰坤,5,“你敢保证你一辈子不得病？”纯粹、直接、有力！常常感叹：电影只能是电影。但每看到这样的佳作，又感慨：电影不只是电影！由衷的希望这部电影大卖！成为话题！成为榜样！成为国产电影最该有的可能。
1,沐子荒,5,"王传君所有不被外人理解的坚持，都在这一刻得到了完美释放。他不是关谷神奇，他是王传君。
你看，即使依旧烂片如云，只要还有哪怕极少的人坚持，中国影视也终于还是从中生出了茁壮的根。
我不是药神，治不好这世界。但能改变一点，总归是会好的。"
2,凌睿,5,别说这是“中国版《达拉斯买家俱乐部》”了，这是中国的真实事件改编的中国电影，是属于我们自己的电影。不知道就去百度一下“陆勇”，他卖印度抗癌药的时候《达拉斯买家俱乐部》还没上映呢。所以别提《达拉斯买家俱乐部》了，只会显得你无知。
3,徐若风,4,放豆瓣语境下，是部时至今日终于拍出来的国产“高分韩国电影”——拿现实题材拍商业类型片，社会性意义摆在那，群戏也处理得相当不错。对我们国家而言，这样的电影多一部是一部，走一步是一步。
4,桃桃淘电影,4,最大的病，其实是穷病。真的被感动了，整体都很成熟，也有些许韩片的影子。几个演员表演都非常出色。可看性和内在的表达都不错。这个世界最荒诞在于，越贴近真实，真实越荒诞。人这一生，太不易了。最后，王传君，加油哦！
5,远世祖,5,文牧野眼睛太毒了，观众的笑点、泪点、痛点被他牢牢抓住，徐峥现在不拼演技开始掏心炸肺放脱自我了，药物在中国绝对是个“不可说”，但这个电影说了它能说的，也不显山不漏水的说了它所不能说的，讲的是现实，但看过电影之后才会明白其实是超现实，2018最佳!
6,影志,5,“今后都会越来越好吧，希望这一天早点来”口罩成为符号，不是雾霾，而是人性的仪式，结尾竟然看到《辛德勒名单》一样的救赎。通俗感人，上海电影节首映哭倒一片，基于真实事件改编的社会意义加分，或许《我不是药神》之于中国，就像《摔跤吧爸爸》之于印度吧…能看到就不错。“其实只有一种病：穷病”
7,开开kergelen,5,小时候路过一家药店，门口的对联写着“只愿世间无疾病，何愁架上药染尘”
8,Noodles,5,人生建议：别买零食，吃不下的。
9,哪吒男,-,最喜欢王传君的表演啊，几乎所有泪点都给他了！！而他曾经的同伴们，下月继续拿《爱情公寓》电影版面对观众。这个圈子里还是有不爱赚快钱的年轻演员，真好。
10,栀虞,5,王传君终于做了一个正确的决定，没有去参演那部死妈电影
11,大島,5,你的一个举动可能会改变别人的一生，酒吧领班从此爱上了钢管舞。
12,木卫二,3,只要提到价值，中国电影的标准便会坍塌。明眼人都看得出，幕后黑哪是一脸奸相的大药厂，又或者，结尾辩方律师可以再底气不足一些。前后大发感言的两名老太，表演模式有何本质不同。徐峥的转变与倒贴，全是目睹惨相的愧疚觉悟——而在这样一部电影里，最不缺的就是惨。被消灭的，何止是戴口罩的病人
13,LOOK,2,比较反感这类戴着批判现实主义帽子的电影却使用了大量讨好大众的商业片常用媚俗技巧（重点表现在笑点与哭点的有意设计），剧作方面最大的问题是徐峥的转变缺乏说服力缺乏震撼力度，人性恶看不到，人性善很牵强。2.5
14,张小北,5,电影能做到的好，这部电影都做到了。剩下的是这个时代不让它更好。在我们刚刚经历过的时代巨变洪流之中，有无数这样的小人物在时代洪流中艰难生存着，同时在竭力不丢失他们的灵魂。终于有这样一部电影，让我们能够看到时代，看到善意，看到希望。希望这部电影也能被这个时代善待。
15,喝可乐的鸟,5,炸裂，哭成狗，从观影体验上看，比达拉斯买家俱乐部好，之间隔了差不多五个《动物世界》，导演处女作就这完成度，只能说剧本实在太好。我爸爸也是药神的受益者之一，否则我应该房子也没了。感谢他们🙏。
16,OreoOlymLee,2,微妙地在谄媚审查机制和迎合市场需求间取得平衡。看似蜻蜓点水地在法理与人情之间徘徊着作了一番试探性反思，却无比精明地把通过对政府（结尾法制宣传）和主角（“神性”的被赋予）这两极所本该承受的无论社会的、道义上的道德指责一股脑儿的推给大资本，本质上是取巧的推卸责任行为。
17,SELVEN,2,50/100 又一个高压审查下变了味儿的作品，整部片子里都是好人，就外国奸商是坏蛋。观众感动得一塌糊涂，再看完结局字幕，药进医保了，吃下了这颗廉价但有效的安慰剂。就一个问题，中国进口药的高价是外商定价的锅？牵扯到版权就更让人难免浮想联翩。
18,给你好看,5,为一句“谁家还没个病人”泪流满面 感叹生命在“穷病”面前无药可救 感慨中国终于有了属于我们自己的有力量的电影 所有演员都非常出色 近年最好的群像表演 请记住这些电影人 宁浩 文牧野 徐峥 周一围 王传君 谭卓 章宇 杨新铭 王砚辉 咱们电影还是有希望的 愿中国的电影越来越好 谢谢
19,任仁忍,2,可别吹了，有陆勇案这么好的原型故事做底子却拍成了超长春晚小品，先来段子笑料堆砌后催泪煽情。沾了题材的光，其实没什么货真价实的东西，人物的转折和情节设计的功能性和指向性也非常套路，故事讲得都差强人意，更遑论社会批判了。借赵本山的小品说，真没要啥自行车，看看报道可不好笑且远比这有启发
20,芦哲峰,3,直面现实问题，勇气可嘉。但把矛头指向药物研发厂家是不公正的，药物研发需要巨额资金投入和漫长的时间成本投入。试想如果无人去研发药物，仿制药又何从仿起？对于病人来说，那才真的是只能等死。不过要是把矛头指向了应该指向的所在，这部电影也就无法上映了，所以想通过电影来改变现实的人，醒醒吧。
21,头马,-,一部一切为了10W+核心叙事目的服务的伪现实主义之作。弱肉强食的中国人太需要自我感动和自我构建了。流下眼泪便以为自己拥有了善良。
22,姨妈的鸭,5,特效是真实人性，特技是上映成功。
23,白玉堂,5,他想活下去，他有什么罪！！5555，我妆都哭花了。几个主演的演绎太走心了，特别是徐峥和王传君，感觉要成精了。仅有几个镜头的老奶奶也贡献了催人泪下的精彩演绎。提醒大家，一定要带纸巾！一定要带纸巾！一定要带纸巾！回头我会写一个走心的长评。
24,小夕克莱尔,5,“他才20岁，想活命有什么罪”
25,九只苍蝇撞墙,2,完全没有讽刺的意思，我觉得做为一段儿带上海腔的催泪快板儿书，挺煽的。但是电影意识，没找见。不过如今去影院看电影，大家都不在乎后者有还是没有了。
26,frozenmoon,4,不涂彩不抹粉不抛光，近年来少见的现实主义力作。更可贵的是，清清楚楚地写中国的事，写印度的事，清清楚楚地表明这是上海，车牌上大大方方印着沪，而现在很多电影已经愈发架空现实了。战争题材写到恐怖分子得虚构一个不存在的国家，犯罪题材得虚构一个不存在的城市。《药神》为中国现实主义挽回尊严。
27,亵渎电影,4,我就是想实名表扬一下王传君，内地青年演员里竟然也有这种会演戏并且很卖力的实力派演员，这要是搁在好莱坞，他能拿下一座奥斯卡最佳男配。像这样的现实主义题材电影，如果编剧不是韩家女，它可能连拍摄许可证都拿不到，过审更没戏，它在国内的审查制度下没有可复制性，像这样的电影，且看且珍惜吧！
28,陀螺凡达可,4,三星电影，优缺点都很明显。多加一星是很佩服创作者戴着脚镣跳舞时挟带的私货，表面上其实很媚俗地迎合了审查，但同时又把所有的“不能说”都藏在了全片的各个角落，只露出来一点点让有心有共鸣的观众能够心领神会，就跟海斯法典时期的美国电影一样，给观影添了一层乐趣。
29,方枪枪,4,一会逗你笑，一会又让你哭。王传君吃火锅最后面对徐峥那段：由嬉皮笑脸到嘴角抽搐再到心碎无奈推门而出，微表情拿捏到位，太好了。
30,Peter Cat,3,对《药神》所有褒奖都建立在中国电影市场的贫乏和落后之上，纯从视听剧作的技艺层面，《药神》只是一个中规中矩没犯错的工业标准产品，甚至在导演层面是平庸的，连一个令人印象深刻的调度或者美学设计都找不到，如何可能有欲望再看一遍呢？但它又给中国工业指向了一个正确方向...
31,谢飞导演,5,        祝贺学院硕士毕业生文牧野出手不凡，导演了这样一部扎实、感人、有见地的处女作！看片中常在想：在疾病、死亡面前，一些常规的道义、是非怎么都成了反意？先人说过“合情合理才是好法。”那么实践证明已经不合情理的法律规章就应该改掉它！直面现实，促人思索，这样的作品值得夸赞！
32,吃瓜少年,5,连群演老太太都猛戳我泪点，以后再也不能吹自己泪点高了
33,把噗,2,"极不舒服的“现实""消费，比🚕还恶劣。"
34,南悠一,2,当看见草坪上奔跑的孩子，你流下了两行“前后紧密相连”的热泪：第一行是说，看见了孩子在草地上奔跑，多好啊；第二行是说，和所有的人类在一起，被草地上奔跑的孩子们所感动，多好啊。（我复制的，没错，这部电影太媚俗了，因为看完你只会觉得自己一定要多挣钱。）
35,悲伤哦林吉,2,"这九分并不是针对这部电影的基本创作，而在于它的题材，表现的社会现实意义大过了电影里的其他东西..
拍成这样，7.0 over"
36,袁牧,4,看了一下差评，基本是自诩为独立专业的几个影评人给的吧，果然又要说电影语言，商业媚俗之类，固然把这个题材拍成侯孝贤、蔡明亮那样，影评人会有高潮，但你们其实喜欢的是影院里就坐着你们两三个人那种感觉不是吗？没有这种电影，电影人在时代急速抛弃弱势群体的巨变中，就是完全失语的。
37,西楼尘,3,病是一种罪，上帝也不能赦免；穷是一种病，药神也无法医治。思慧把脱掉的衣服一件件穿上，黄毛把留长的头发一寸寸剪下，程勇把缺口补上，受益把口罩摘下。法和情谁上谁下，命和钱谁上谁下，灾厄的红药水抹到谁的头顶，侥幸的救世主降到何方人间。许多人终其一生都在寻一种药，没药的世界我们能不能活？
38,谢谢你们的鱼,4,它远远不够好，但是对于现在的中国电影市场来说，它又好得要命。
39,冷月心,5,8.5，给五星以资鼓励。每个人都演技在线，演思慧的女演员在暴裂无声里演哑巴的老婆，演得真的很好，心目中的今年国产片前二竟然都有她。
40,痞影人科莱昂,3,“送出去挺好的，将来比咱们有出息”，结合全片看这句台词会非常有意思。前半段刻意营造的笑料过多，同时使得整部片的意旨变得暧昧不清，而原型人物的重量和意义也被那一个个太过戏剧性（和喜剧性）的情节所无形消解。以及，在这个首尾都需要字幕进行“立场矫正”的环境下，还是别类比《达拉斯》了吧。
41,刘小黛,4,虽然有刻意有煽情，但是这个时代触碰这样的题材实在难得，电影拍出了集体群像下的人物特质，还拥有了史诗感。现实题材不做无畏的对抗，只是展现。魔幻到让人怀疑真实，但是根据真事改编的真相知道后更是眼泪掉下来。主角原型无锡药侠陆勇先生，企业家，有白血病，电影作了一定模糊处理，新闻了解一下。
42,墨墨lynn,3,听豆瓣吹的天上有地下无的第一天就去看了，并没好到神片的地步。前期铺垫过长，后面有渐入佳境。主线没什么惊喜，就是商人为利卖仿药然后良心发现拯救世界的这种伟光正的老套路，题材加分但程勇的前后转变太突兀了，最后“十里长街”送程勇的情节有点刻意煽情了
43,刘肥燕,3,怎么不能拿《达拉斯买家俱乐部》说事了？同样的题材，人家对人性挖掘地多好，我们只会煽情。
44,阿北,5,好电影
45,德川咪咪,5,"《我不是药神》看到后半段，纽太普疯狂地啜泣起来，声音超大，以至于前后左右都开始看我们。
情急之下，我从裤子口袋里拉出一个口罩帮他戴上。顿时大家露出了了然又理解的表情。"
46,末摘花,5,意外发现王传君的演技真的很棒
47,怂人皮埃罗,2,程勇的脸像七月的天说变就变，人物行为逻辑全没毛病就是最大的逻辑毛病，和张院士干架那场戏完全就是胡来，正反派说唱脸谱，药价贵药价贵药价为嘛贵？洞悉人性拉倒吧，“谁家没个病人啊”昭然若揭，利用同理心搞场社会宣泄罢了。影像更别提。
48,刮刮油,5,带着浓浓的宁浩味，胜在题材，和徐峥。“世界上只有一种病，穷病，穷病救不了的”，直白的说到了痛处。一边卖药赚钱，一边拿钱买命，一切法和理，都在“活着”面前脱得赤条条。最后那段话为过审的目的明显，实际上格列卫尽管被列入部分地区的医保，却是有条件的，实际情况哪是这么一句能总结的。
49,羚羊的灵魂,4,我一直以为牧师是金士杰演的哈哈哈哈哈哈竟然不是
50,乌鸦火堂,4,虽不算完美，有些国产片的小毛病，但牛逼在于华语片环境下这个故事和题材，以及所有的演员。敏感的社会话题，法外义侠的设定，对现实的反衬，对制度的思考，群戏太棒。徐峥和宁浩，在《无人区》之后又一次探明了审查的底线，还有这个类型片的价值，对于华语片意义重大
51,无情,5,看的时候记得带好纸巾[捂脸]我觉得不论这部片拍摄手法如何艺术价值多高，这种题材的电影能够过审就是很大的进步了。韩国能够凭借《熔炉》改变国家的法律，一部好的现实题材的电影的意义可能会远远高于作品本身。希望大家都去支持一下优秀国产片的票房🙏
52,李小丢,5,年度最佳预定，旁边座的姑娘哭的都抽抽了，忍不住递过去一张纸巾。怪不得王传君不愿意去掺和爱情公寓电影，有这样的电影演谁要去演抄袭剧？配角个个出彩，真实可感的平凡人已经在这个大银幕上消失太久了。
53,荔枝白羊悅,4,完全靠身边人安利，说是上半年欣赏过的最好电影不为过。或许不是每个人都得过“穷病”，但总看过这样的人，剧情不道德绑架，也让很多人去了解原型和幕后，里面那位卖假药的审问室时表现让我惊讶
54,本位,2,被导演直接拿剧情糊在了脸上，观感就像是张院长在台上滔滔不绝地介绍德国格列宁。
55,帕拉多克斯,3,嗯不知道是该高兴还是失望，中国（全亚洲都)在向韩国看齐拍所谓改变国家的狂煽情样板戏，故事写的不错，但总觉得它们不是电影。
56,Westin,2,韓國商業片的路子，中國特色的結局，怎麽煽情怎麽來，2018之“中囧”。
57,村口烫头王师傅,5,看《我不是药神》时的我：😀😃😄😁😆😂😢😭🤭😞😢😢😭😭😍（😍给结尾的周一围） 如果这个暑期档爆且只爆一个片子 我希望并相信会是这部 更希望未来能有更多此类型的电影上映 代表我自己宣布此片提前锁定年度最佳了 
58,二月鸟语,4,影片风格上有着文牧野一贯的克制和冷静，以及他明确的诉求，我不觉得像韩影，本质上是一种属于中国的本土的电影(可能徐峥偏爱韩影和港片)。剧作上，把研发药的原创公司做成反派，把政府形象做正的处理使得反派模糊化了，这种商业化的处理应该和宁浩有关，也应该是目前审查上最大的尺度了。文牧野成了。
59,冰山李,1,宁浩就别洗白了，是不是题材好就可以瞎几把拍？
60,不瓜迪,5,哭哭 无法想象我活在一个陈赫比王传君火的世界
61,胤祥,4,从剧作摄影到导演技巧都堪称典型的电影学院风格，不过组了个酷似初代复联的队伍也是蛮有趣的。徐峥和王传君大概要横扫各种表演奖了。这个片子能过审已是不易，有些剧作合理性，具体导演手法和意识形态面向上的问题也就不太好去苛求了。想一想觉得还是值得为这部片吹一波的。
62,王大根,4,无法想象下一部这样的电影会是什么题材、能是什么题材，感觉就像是领受了上头扔下来的一根肉骨头一样。王传君真的太好了，周一围最后靠在车上等人的那一幕帅得我愿意为他入狱三年……
63,黄青蕉,5,《我不是药神》值得完整五星，叙事，表演，节奏，镜头都是年度最佳，唯一的短板可能就是树了正版药厂这个假敌人，但是国产电影嘛，也要理解，不算主动做恶，只能算被动装傻。徐峥真的厉害，小奸大勇，脸上都能看到一点宋康昊的影子了（不是说肥），王传君周一围都很好，这样的电影票房好，让人充满希望
64,彭萦,-,个人推动改革的一个好故事。归根结底，制药公司不应该做救世主，执法人员不应该做救世主，普通人就更不应该做救世主。救世主是谁？国家啊。得靠健全的医保制度。
65,大旗虎皮,4,贴身移动镜头跟拍，强化了写实风格。镜头调度尽量隐藏在人物运动和情节的背后，看上去似乎没什么风格，无非是中近景的对话正反打，加偶尔摇一下，事实上，镜头的跟进、位置、角度和细微运动都很严谨，与影片的现实感非常契合。一个藏着拍的导演。
66,sad,2,现实题材具有的社会意义为片子加分不少，但戏剧化改编上存在不少瑕疵，剧情走向重升华，人物塑造都太正面化，煽情尤其太过，如果能再克制点更好，类型上其实仍是大陆那一套。看过GQ对原型人物陆勇的特稿后，了解到本案曾被官方当做正面典型来宣传，为影迷所诟病的广电式结尾实其来有自。膜一膜徐峥
67,神奇海螺,5,这才是我们需要的现实主义！悬浮剧横行的当下，药神简直是一针救命的强心剂，为如何处理现实改编题材，兼顾深度与观赏性，提供了模范样板
68,琦殿,-,虽然最后一幕让我想起还珠格格二劫法场，还是哭了。
69,末春,4,希望这片子更快冲向高票房，驱动资本转向优质现实主义题材。
70,妇女艺仔,4,懦弱、贪财、甚至家暴的小人物，最后却咬着牙把善事做到底——其实大部分人都是这样，即非至纯至善，也非穷凶极恶，但是看见了，没办法假装没看见。
71,shininglove,4,这部“社会现实主义商业类型片”既成功撩动了广大民众情绪，又释放了各阶层的生存焦虑，浓得像一团炸药，各处开花，飞火流星，把弱者包围，将强者笼罩。药神和战狼一样，都属于这个时代的超级英雄，不知不觉为沉默的大多数代言。
72,邓安庆,5,真是动人！完全没想到这么好看，哭成狗了。也是罕见地在影院里没看到有人刷手机。希望徐峥能拿影帝。
73,Zitsunari,3,年代感还算不错，挑点错吧：2002年4月26日（锦旗上日期）之前是不存在QQ群的；2003年百度还没有熊掌logo。
74,顿河,5,所有的批评、思考、讨论，都应该建立在这已经是一部勇敢、积极、努力过了的电影，而且成色很不错。看看结出什么样的果，至少得想想这是什么样的土壤。导演的成熟之处，不在于在一部电影里呈现了自己的全部能量，而是呈现了自己的选择，并把选择做到了最好，那就对得起自己了。
75,中立的手指,4,怎么过的审？甚至我公安机关的大Boss在片中都是一个略负面的角色。如果此片叫好又叫座，各路资本一拥而上带火了社会现实电影，广电总局会不会再举屠刀啊
76,博淙,5,昨晚看完，现在想想还是很激动，我在想，如果我是一名白血病患者，会怎样？我想也会期待那样的一个药神出现。影片结束后，所有观众自发的鼓掌，这是我观影这么多年寥寥几次。所有演员在线，连群演都大妈都让人泪奔。一个开头笑最后哭的片子，预测年度前三！
77,文森特九六,3,显而易见的，并不是一部多么出众的电影，却也是一部值得些许尊重的电影。
78,风间隼,5,表面说的是药，深层说的是命。药能治病，命却不由自主，这是影片锲入中国现实的关键，也是引发大众共鸣的核心。盛世危言，却让人能看到希望，仅此一点，就足以让人忽略因商业和审查做出的种种妥协。它不完美，但是中国电影应该努力的方向。
79,易老邪,3,很好的题材和故事原型，可惜处理的太飘了。主线故事不够扎实流畅，人物转变突兀没有说服力，支线乱加戏，过于热衷添设煽情催泪戏码。
80,草威,4,好看是料到了，没想到拍得如此朴素、扎实、流畅。文牧野是个实干派导演，他没打算要一部神作，就本本分分讲个好故事。正因如此，它对现实的关怀才显得周到、细心、准确。徐峥奉献了宋康昊级别的演出。
81,半弦月,1,中国电影是道填空题。讨厌辛德勒的名单
82,成知默,4,我认识一位姑娘，曾只身赴印度买仿药；也听闻不少病人，因药价太高而放弃治疗，并很快去世。本片短板很明显，甚至粗糙，但感谢让更多人关注到这个群体。虽有个光明的结尾，但不应一味强化药厂和患者之间的矛盾，尤其现实是零关税下药价未降，药进医保却因缺药而买不到药，但愿一切都不只是粉饰太平。
83,不良生,3,从“中年油腻渣男困顿潦倒之际找到契机实现人生灵魂的升华”这个角度，只想给一星；从“中国病患困苦于医疗制度吃药难要么倾家荡产高昂天价购买进口药要么被禁止买仿制药只得等死”这个反映和揭露现实角度，真想给五星。
84,明安,4,这个电影让我躲入人群中合理流泪。
85,大奇特(Grinch),4,改编自著名的陆勇案，医改前国人对医药问题的漠视，合理求生欲在法律面前的抗争。在还原了事件原型之余，加入了群戏和戏剧张力，落脚于伦理与法律的博弈。尽管弱化了诉讼的过程，但已经构成了对生命的敬畏。黄毛彭浩是宁浩致敬自己《疯狂的赛车》的黄毛耿浩吗？
86,大卫·独处尼,2,走的是辛德勒名单的路子，可惜不敢打老虎，只是在老虎的默许下把狐狸揍了一顿，这极大的削弱了电影的力量，别跟韩影比了，比不了。
87,朝阳区陆依萍,3,全方位通俗且教科书，符合主流国内观众观影水准式的改编，这样的题材和最后的呈现能做到这样，非常值得尊敬，但整体艺术水准不如《嘉年华》！
88,Mr.Z,5,国内大银幕少有的现实题材，但是可能是被剧透了，期待值爆炸，所以有一点点点点遗憾，但是每个老师的表演都超级无敌棒！值得学习！
89,River,3,非常赞同的一句话—“不能因为题材好，就可以无视其他的都给高分吧”
90,Neroat,4,看的点映，是好电影，感觉是中国版的达拉斯买家俱乐部。开篇宁浩徐峥的名字配上印度神曲让我以为是喜剧，后来发现是社会现实题材，在完全没有心理建设的情况下好几次被触动得眼眶发红。演员表现都很不错。后期一直在思考，法律和道德哪里才是平衡点呢？
91,方洛洛,4,能在大屏幕上看到这种题材的中国电影，本身就是一种进步。
92,Duckweed,1,抄袭抄袭抄袭啊麻烦清醒一点！
93,寒枝雀静,4,C/本质是回避体制分析的个人英雄主义抒情，但又可通过全球化对位来映射分化的国内阶层。与其说是对商业道德的歌颂不如说是一次对市场和调控都完全无法拯救的社会绝境乐观且粗糙的描绘。大资本与律法的刻画都还是太程式化，光靠正面力量的情感支撑显然不够。越到后半程剧作推着走的痕迹就越重。
94,水怪,5,这样难得有态度、立场、尊严的电影，是需要有观众情绪足够的累积呼应，才能产生完整能量核的。这甚至与票房无关，票房只是结果。韩国的社运片可以屡破纪录，中国观众没有理由比他们差。
95,W小姐（吴桐）,4,国产片的闪光之作，当然现实生活依然很残酷。里面最不舒服的地方就是药贩徐峥洗手不干的时候，白血病人对他的道德绑架。如果不是为了赚钱，帮忙搞到药是情份，不帮是本分，干嘛一个两个都好像欠了他们一样。你要死了，就无所谓也搭进去别人的人生？所以全程无泪点，结尾有小感动。徐峥戏真是好。
96,猛汉世雄,5,真是一部让人痛苦的电影，看得人不想说话，只想流泪。
97,陆支羽,-,1.笑中带泪，敢拍这题材的确是填补空缺了；文牧野导演不负众望，而徐峥的演技同样经得起考验。2.确实没必要以《达拉斯买家俱乐部》来衡量本片，各有各的活法。
98,sterdam,4,我们终于成功学会了韩国某种现实题材类型片讲故事的方式。这个反映现实的片子好看，却又并没有触及什么现实。它给徐峥、周一围包括牧师所设定的若干道德两难命题，流于表面，并不复杂和纠结，至少没揪起我作为一个观众的心。中国观众需要《药神》这样好看的电影，但这样的电影绝不能止于好看而已。
99,犹在镜中,3,改编改变了主人公身份，加了戏剧冲突，以此升华主角使其变得崇高，体现情理和法理的二律背反主题。可毛病不少：脱口罩礼赞加夹道欢送，这是什么待遇？有造神嫌疑；特写多，摇镜粗暴，艺术性差，由此剧情显得非常扎眼，易被认为在绑架观众。但演员出色，感情细腻，加上题材缘故，还是给个中评吧。
100,fateface,4,有人说冲着敢拍这个社会题材就要好评。我觉得是很纯熟的商业片模式，该哭的地方哭，并没有意外。最后剧情失控了，往假大空的路上越走越远……
101,紫苏,5,非常催泪的电影，很久没有看过这样好好讲故事的国产现实题材电影了。“他们只想活着，有什么错呢”，被徐峥、章宇、王传君、杨新鸣、谭卓和老奶奶感动得一塌糊涂。
102,美神经,5,完全没想到这么好看，哭了。
103,mumudancing,4,好看的电影无非三种：极爽，极美，极有共鸣。人人都怕老病死，人人都怕上下为难的中年，人人都有为谋生计不得不做的事情，人人亦都向往真与善……是这些时刻集中起来让煽情的中年油腻英雄不那么脱离现实。瑕不掩瑜，从长远来看，也许它是一部可以和《熔炉》相提并论的电影。
104,妖灵妖,4,非寻常视野里的上海
105,Vamei,5,把一点恻隐之心，都留给这部电影。
106,袁长庚,4,需要多少滑稽和猥琐才能讲一个高尚的故事，需要多少眼泪和亲情的糖衣才能吐一口反对的唾沫，需要多少条命多少升血才能论证救赎的必要意义？别问我对这个电影的看法，这特么哪是电影能聊的出来的？
107,杨大志°,4,根据现实事件改编，一部非常具有现实意义的电影。如果有机会，谁会不想活下去。演员的演技都挺在线的，哭戏和情绪爆发的戏份很有感染力。这部电影让我知道了一个不曾了解过的群体，也让我看到了一些进步，不仅仅是电影。
108,欢乐分裂,4,3.5；题材制胜，不无煽情仍是动人，“长的是磨难短的是人生”贫穷是无法医治的病，资本社会里情义无法开出希望的空头支票，底层蝼蚁的微茫呐喊虽无异于蚍蜉撼树，但透过这微光或许还有挣扎的可能；从浑噩到清醒，并无神祇降临，唯有自救自渡，尺度拿捏准确，戏剧层面的现实视野，太需要这样的国产片。
109,白眉道长,5,光是挑战这种题材的勇气，就值得打五星
110,Ada Wang,4,对结局稍有失望和遗憾，如果导演在男主被关押上车后街上病人行注目礼黑屏戛然而止显然会更加真实，更加引人深思。只可惜后面又多了几秒呵呵，有时候，我们需要等待社会进步，福利越来越好，但是有些生命已经等不起了，这个残酷的问题丢给了观众，我渴望着一个答案。优秀的反思现实的国产片但是分数虚高
111,肖浑,4,徐峥从小人物到救世主被拔得有点太急太高了，最后煽情让我憋眼泪憋得头疼，有几个场面过于戏剧化，不过都可以理解，依然值得鼓励。
112,萨库拉,3,戏里戏外，每一层文本都很中国。中国式现实主义其实是个童话，中国人世世代代都需要假想的侠，中国人有了钱就有了尊严可以砸人跳脱衣舞，中国电影的逻辑置换绕太多弯外国人大概看不懂，所以这个片子在中国取得巨大成功并没有什么好奇怪的，它迎合的是每个中国人的X点。
113,金正峰江湖骗子,5,达拉斯粉激情打分~
114,Wendy,5,徐峥要横扫影帝大奖。
115,刘康康,4,可以说达到了韩国社会问题片的水准，与其跟《达拉斯买家俱乐部》对比，倒不如跟《辩护人》、《熔炉》对比，相似点更多。当然也有韩国电影一样用力过猛、煽情太过的毛病，比如最后病人自发来到马路边送行。但整体还是让人惊喜，希望这样的电影越来越多。
116,巴伐利亞酒神,4,几乎零差错的优秀商业电影，完全符合一部出色商业片的所有布局。徐峥奉献了一次能拿奖到手软的表演，几个配角的塑造的也相当成功，有血有肉，煽情也恰到好处。开头便直接用字幕告诉你取材于真实事件，加之病魔缠身后那种无力又痛楚的压迫感，真的很容易让观众产生同理心，所以电影口碑爆棚也不奇怪。
117,ChrisKirk,3,看到两股势力的交锋，却没看到锋芒下的冒险精神，题材本身所具有的深度在迫击炮般的泪点轰击下被冲淡不少，更何况此中个人神化的倾向性太过乖张，虽能一语中的指出诟病所在，但这样的蜻蜓点水无论从哪个角度看都像极一场模式化的兜售，权衡和融合后本质也仍是求稳心理，但这不能怪创作者，大环境如此。
118,每日可爱二百人,4,当然不能跟影史上那些堪称伟大的纪实电影相比，也不能用过高的艺术标准去衡量它。硬去推敲细节的话，是有粗糙和漏洞的，煽情也过度了些。但作为商业片，在中国这样的审查制度下，拍到这个程度已经很好了。学不了美国，学学韩国印度，用电影揭露和改变社会，最好；暂时改变不了，能引起重视也是好的呀。
119,盒饭,5,一部能让中国电影人挺起腰杆的电影。推荐每位学法律的同仁都去看看，对我们的职业一定会有更丰富深刻的理解。
120,猪大勇,4,几处过度的感情渲染和最后字幕、车里对话所显示的“求生欲”，并不妨碍这部电影的优秀。要放在一水国产电影里评价的话，光取材就可以打满星。
121,红豆♥,5,永远治不好的穷病
122,尽欢,5,我承认，我犯法了，无论怎么判决，我没有异议。我只希望，未来这个社会可以变的更好一点。
123,维城乱马,4,在此之前，我们只有改变电影的国家；在此之后，也许我们也可以有改变国家的电影。希望这一天早点到来。
124,ღ 狐不悔，,5,“他有什么罪啊，他只是想活而已！”很难的，能在国内影院看见这类片的上映。感恩，祝福。
125,王写写,3,3.5，上海买家俱乐部。整体还不错，前半段展开分寸拿捏的可以，后面过度煽情了，几乎五六分钟就要来一段情感宣泄，用台词对主题的不断强调也显得重复。最后十里长街送药神的配乐也太主旋律了。感觉作者后面没沉住气，急切地想把所有话都说出来。
126,Y.Phoenix,4,实属国产佳作，但不至于被捧上神坛。富有争议的题材，出色的表演，真实事件改编，可惜不能还原幕后真实利益关系，迫于需要过审，只能脸谱化谄媚处理，后半段煽情技法非常奏效，但缺乏电影的高级感。这样的题材可以过审，而且排片可以像商业大片一样如此密集，实属不易。
127,眠去,3,我更喜欢原型故事。
128,皮革业,4,不管到底出于什么原因，对题材边界的突破都值得肯定。另外，怎么都那么把打分当回事啊，还最终评分7.3、7.4的，想当高考阅卷老师还是体操裁判啊……
129,法兰西胶片,4,三星半。娴熟，融洽，也触碰到最后那道坎，很满足了。另外我必须复制粘贴一下我在《辩护人》短评里写的内容：在济州岛的第二天，包了个车，和韩国司机导游表达了2013年整个韩国电影对中国影迷的影响，他很不可思议：“真的这样吗？哦，很有意思。”
130,太常寺协律郎,5,好。但是从2002到2018，又是多少生命和家庭。
131,叶阿福,1,"社会主义初级阶段的电影
电影院里男女老少的啜泣声，一结束就马上跑出来的我表示十！分！恐！怖！
1星原因实在是困惑为什么这么多5星？"
132,路西法尔,3,国产电影阉掉的结尾多少分都扣没了。在各方力量挤压下批判现实主义在当代已经完了，能指与所指脱节后迎来的是幻象批判主义。在影片里到处都是无意识：赚一笔就离开这里，一定把孩子送到国外，有了钱生命仍然欠缺意义……实际上把所有可能走过一遍之后，会发现唯一有效的路一开始已经摆在那了：去上访。
133,纤纤,4,看完电影出了影院，马上给在保险公司的朋友去了电话，第一次主动想为自己多备点安全感。
134,FloriaZENG,4,说实话，九分真的过高了，但无可否认这部电影有他的感染力和闪光点，题材的意义和演员的魅力简直太大了，好几处让人无法不为之动容。尽管在节奏和部分剧情处理上还是有些不自然和过分煽情，但终究是值得令人尊重的国产片。对于那些说其媚俗的人，我替演员和背后的工作人员感到难过。
135,托尼·王大拿,4,有些地方的那群众呼声，不还是早年间献礼片那一套？但带着镣铐起舞的技法成熟度体现在文本和影像上，尤其剪辑，虽不大胆，但看的舒心，节奏感特顺溜。
136,bekey,5,看了点映，也看了好多评论，真的是很激动也很幸运能和很多人一起有同感想要点赞，能看到这么好的电影，真的是各位老师们的共同努力！徐峥、王传君还有周一围，演技真的杠杠的，一下将人拉进去剧情中！！！期待上映后的再度光临~
137,弹球小姐Lydia,4,没想到啊你个春光灿烂猪八戒，有两把刷子啊
138,乐乐,5,看的点映。面对法理与情理之间的冲突。药贩程勇给出了自己的答案，警察曹斌给出了自己的答案，众多白血病患者也给出了自己的答案。虽然这部电影不像《素媛》和《熔炉》那样推动了法律的改革。但是用电影记录下我国在医疗改革的过程中发生的故事也是有意义的。
139,那个男人,5,徐峥渐渐宋康昊化了，照这个趋势，影帝是跑不了的。恭喜徐峥。不过，制药公司定这么高的价格，真没毛病，药物的研发成本极高，如果不保护产权帮助制药公司收回成本。那请问，新的药谁去研发？医药行业还要不要进步？  
140,百里即墨殇,5,上周末看的电影，开头一段印度咖喱曲想起，就很嗨想抖腿，笑点自然也算密集，情节铺开对我来说比较自然，后半段哭了但不是很夸张的哭，就很自然的想落泪～我很喜欢这种现实题材，但感觉好像大陆较少，徐峥稳～周一围帅～王传君颠覆～黄毛血性～教父搞笑～酒吧经理骚！！！
141,梅山君,5,里面好几个片段让人动容落泪，大概感同身受都是因为活在中国，体会过看病难看病贵看病苦这些状况，都是想努力活下去的人，有什么罪吗？
142,张春[阿卡纳],4,热评导致没哭的我感觉自己是不是反社会…
143,Eco,3,这种电影，给个五星容易，给三星很难。
144,尾巴翘到天上了,5,想对勇哥说，你就是药神。
145,柏林苍穹下,5,“有一种病你救不了，就是穷病。” —— 底层立场的非典型国产片，而且还有几秒钟触碰到问题的实质。
146,刘土呆treasure,3,我就问药企的研发费用谁买单？市场经济这么多年了，商人还是地主周扒皮嘴脸，都晓得吃饭不能搞人民公社大锅饭，吃药就一定要全民AA？谁不同情病人，谁不担心自己没有药，谁不渴望延续生命？但不代表这病人所得到的救赎就真的那么理所应当。
147,肖恩恩恩恩肖,4,好看的部分，太久没看到这种真实了！生活环境是真实的，情绪是真实的，困境也是真实的，甚至女主角是一个真实的上了年纪的美女，有真实的皱纹！真实才能带来沉浸体验。不好看的部分，就是唯一看出人工痕迹的地方，道德审判太明显，限制了更多的角度。
148,赫恩曼尼,5,第一次看点映，非常震撼的好片子！国产电影终于也可以不逃避现实问题了，情节、转折、人物处理得都非常到位！徐峥演技炸裂，几个配角闪闪发光。等上映之后可以二刷！
149,KID A,2,先让你轻易感动得稀里哗啦，再让你觉得连救命药0关税都是恩赐是及时雨#宣宣水准与时俱进# #朝中有人好拍电影#
150,Fenng,5,一个印度宝莱坞式的精彩故事，折射中国社会的残酷现实。
151,安德烈大叔,5,《达拉斯》混《辛德勒》，国内少有的现实主义题材佳作，难能可贵为弱势群体发声。剧作标准朴素，具有一定批判性的同时也找到了尺度上的分寸，在伦理道德与社会制度的冲突之间传递人性之善，不仅对电影产业有益，也具备社会关怀的价值，当下环境太缺这种作品了。四星水准，再送上创作者的一星鼓励。
152,汪金卫,3,电影将“陆勇案”进行了戏剧化改编，把主角的身份由病人改编成商人（这一改编对整个故事架构、人物设定造成很大影响），并以男女老青各种阶级身份的病人、家属作为配角，展现了病人弱势群体众生相。将大医药厂商代表立为反派（迎合国情？）。在中国电影创作环境下，本片确实为难得的关注现实题材的力作。编、导、演整体不错，但也不够突出，仍有不少套路与瑕疵。不时出现的喜剧元素减少了苦难煽情成分，但也削弱了稳重的现实风格。警察角色不够立体，其表达出的善意缺乏动机。结尾为过审而“正能量”的风格也让人遗憾。演员表演和剧本的深度、完成度与《达拉斯买家俱乐部》以及诸多韩片现实题材电影相比尚有差距。值得鼓励，但不值得过誉
153,李洙赫的老婆,5,谁标记的达拉斯啊？这是真实事件改编的，分的清哪个在前哪个是在后吗？还有个别品味高贵冷艳还要diss他人观影口味的，黑也要有点水准吧，我们那场实打实的抽泣声一片，要讨厌请代表你个人，别弄得好像爱看的人才是另类。
154,女神的秋裤,5,有故事，有技术，有意义，这特马才叫电影，一部能把人看哭的喜剧电影。前半段绝壁是宁浩指导！……还有，做坏事会下地狱的！
155,恶魔的步调,4,韩式思路印式煽情的本土化达拉斯买家俱乐部
156,五,-,不喜欢后半截。啥时才可以别为理所应当的事情歌功颂德、痛哭流涕？啥时候才可以别要求别人具备社会身份（本片中是商人）以上的道德？啥时候才可以别牺牲了无数人，才给自己一句“时代进步总有代价、知错能改就是好的”？
157,霡霂,1,电影很好看，节奏也很好，演员也很好，但是看完电影发现遭了一张罚单，嗯，一星
158,休,4,有啥别有病，没啥别没钱
159,葱花饼,5,力荐!绝对值得一看的好片子。探讨人性与社会。观影的过程会因为幽默而大笑，但是心中始终感觉到那些底层人的悲伤。很喜欢的几个人物意料之中的死去了，法与情冲突起来有时让人绝望，好在结局让我看到了希望。
160,魏晓波,3,可能人们离现实太远了，看到一个和现实稍微沾点边的电影就全民狂欢了。。这就是一个普通的商业电影，病态的电影市场
161,姬月梅,5,个人今年最佳国产，要刷很多遍。
162,胡弃暗,3,谭卓有点郝蕾的意思。
163,tata,3,可能煽情部分对大多数老百姓来说，是做的很到位，我这种身经百战的豆瓣er可不吃这套😓，片子不坏，题材好，值得看看，三星半吧。媒体吹的上天，也有点滑鸡
164,梅花牛,5,剧情紧凑、信息量大。能过审也是挺神奇的。好多年没看过这么酣畅淋漓的国产片儿了。
165,Paco,4,哭且服了。都在纠结批判得对不对，“现实”掺了多少假，偏偏忘了首先作为电影，它拍得好。伪现实和小批判有主客观因素引致，但是毛病就是毛病，不管从哪来，都在扣掉的一星里了。可没关系，它根本的价值既不在于现实意义，也不需要籍此加冕，而是关于如何去定义一个好人，和善良的意义——这是最大的意义。
166,麻友安,2,从摄影机调度上可以看出导演是具备电影语言自觉性的（这在国产商业片中实属罕见），可惜那些低俗、谄媚的类型化桥段使影片割裂开来，破坏了本应建立的现实深度，而趋于造作的虚假。同时，这种类型化的改编策略导致一种二元对立的思维导向，并不利于反思事件本身，因此所谓的社会意义本身也沦为虚假。
167,心生,5,四星半。讲的是过去的故事，但当然也会是一种投射，一种聚焦。在过去的影像时空里，角色讲着相信会更好，会让人下意识地立即着眼于另一个时空，相同的地域，不同的时间，类似的困苦、愤恨与折磨。但终究，还是要相信会更好吧。最终当然是要回归的，但前面完成的表达已经足够。
168,冷杉,3,从印度药神，中国药神，最后上映成了我不是药神，悲剧改喜剧。导演镜头设计有很多瑕疵，但精准戳中了社会情绪点，预计票房50亿。医疗、警察、海关系统，全都黑了一遍。没有版权意识的观众很容易接受这种思想：你花十几亿美元研发灵药仍然是奸商，我不努力挣钱不买保险不锻炼身体得病就应该吃到药。
169,张大水,4,摄影有几场戏挺喜欢，大排档火和烟作为前景的戏，葬礼后徐峥主视角穿过人群的戏。
170,Sophie  Z,4,在印度，烟雾中遇到神像那段非常地神来之笔了。然后就是一边感觉结尾的升华煽情有点太过，一边看到路边人群中吕受益和黄毛摘下口罩的脸就想哭。
171,饥饿艺术家,4,最初打动我的是「弟妹」，那一口闷，很绝。中间打动我的也是「弟妹」，破衣烂衫不算刻意。除了周一围很帅，后面没人打动我。弟妹这个角色，让我想起《星际穿越》里那个死守的弟弟，整件事似乎和他无关，可又是这无关人员，最撩动心弦。BTW，什么时候心理咨询纳入医保？至少Co-pay？
172,内陆飞鱼,4,佩服，中国现实主义题材拍摄方式的一种样板，影像，故事，节奏，表演皆纯熟到位，悲而不哀，怨而不愤，尺度掌握好，结尾有些那个，但好像也没有更好办法了，自私懦弱的平民百姓，几乎成为救民于水火的“超级英雄”，这是最发人深省的地方，宁浩、徐峥提携新导演，提携很到位，预感徐峥要拿表演奖啦。
173,圆首的秘书,4,真的不错哦，直到结尾都不错，个人愿意再看一遍。但实话讲，并不觉得这是中国电影的进步，也不是什么制度的进步，至多是化用其他电影创意的方式的进步。其中比较露骨没藏好的地方，比如结尾对辩护人毫无节制的“索取”，让人瞬间失去共情的动力。中国缺故事吗？显然不缺，但始终还是缺一点“大聪明”。
174,陆冠均,5,"这几年有那么多正面导向的新闻报道，希望大家去关注医改药改、关注伤残病弱群体，其实都不如这样一部脍炙人口的电影来得更有效果。
《我不是药神》的成功，算是偶然中的必然。"
175,三坨土,5,"看完原型人物陆勇当年的报道，其中一句话又让我想哭。曾受益于代购药的病患帮陆勇求情，在电话里用颤音说：「我的生活低下一点不要紧，我不是要生活得很好很好，我是要求生。」

我没有直面过疾病，但我通过电影所感受到的绝望已经让我无法承受了，虽然这种隔着屏幕的同感可能只是真实世界的十分之一"
176,沈入忘🌟,5,太值得哭了，我从刚开始看到病人用一麻袋的零钱买药那个镜头就开始想哭，差不多哭到结束。尽管我知道有些镜头是故意煽情，但我还是整个哭到头疼。过程中最大的感受不是觉得主角伟大，也不是因为最后这个药有了好的进展，而是觉得人要好好活着真的太不容易了。希望每个人都健康快乐，好好活着。
177,罗四夕,5,看的今天的点映场，题材很深刻，很有现实意义，演员们表现都很不错，徐峥的表演起码值一个三金影帝吧
178,陈长鬙,4,前一个多小时好看，闹假药会场的段落很精彩，虽然很多段落都很典型、缺少新意，但拍得很好看。后面三十分钟有点崩，情绪收不住，破碎成一片鸡汤。看到qq群放大“希望”二字时感觉和前面不是同一部电影。
179,Summer,3,印度仿制药是拿印度患者做实验的，根本不考虑人权，全世界盗版侵权都被诟病，不知道为啥印度仿制药这样就被赞扬。短时间内这种便宜药可能对部分患者有益，长时间来说这种情况泛滥以后就没有公司愿意研发新药了，现在很多便宜的好药已经没有厂家生产了，没有利润，厂家也要发工资吃饭。
180,陈哈,4,简单地把锅甩给医药公司有点太表面化了，当然也是没办法，总不能甩给那谁吧，电影本身拍得不是特别精彩但也都在线，但总得来说是良心诚意之作，之前老看韩国，美国片说这些，国内终于也有了，这个高分也是正常的，观众实在是憋坏了。尽管如此，这事还是得说【我去年的画《药不能停》和《我不是药神》海报这事怎么弄，我没有一个迟斌啊！》】：https://www.douban.com/note/682266397/ 《关于艺术：元素，借鉴，创作，再创作，涉嫌抄袭》：https://mp.weixin.qq.com/s?__biz=MzA5MjM0MjcyMQ==&tempkey=OTY1X0t0RXVhQkZRdUpzaTJSOEhWT1F5ZGZRYUViVjI3SHFtc0x3bm1wTm80NjllY0FNNG5COUcxLU0wUTB0TDd4c
181,李濛Lemon,5,片中的角色都面临法律与良知相悖的困境，而编剧也一直在故事深度与能否过审的两难中纠结。前半段黑色幽默，的确有《达拉斯买家俱乐部》的气质，后半段升华得有点过，滥煽情，但被演员的好演技平衡掉了。几乎所有角色的演技都值得吹上一波，徐峥和周一围少许的对手戏相当精彩。
182,时间之葬,4,从主题上讲，勇气可嘉，比绝症更令人绝望的，是利益操持下的强权制度。从手法上讲，这大概就是那种很多人希望国内能拍出来的“改变现实的电影”。
183,说的就是你,5,很有意义的一部电影💪
184,Superhat,3,善良是一种选择。题材难得，成功造神，真实事件作嫁衣，换个名目也成立。人物特点突出但落不下去，患病停药有什么后果，何以至此？一概不知。狂欢似的拔地而起，现实一敲打就退缩。前一半飘，后一半煽。仅以法大于情、求生无罪拷问现实，很弱。意不在关怀，而在巨婴社会做好人难。演技合格。好项目。
185,二十二岛主,4,上影节第14场。没有那么好，但作为新锐导演处女作足够扎实锋利，对于现实的刻画以及医药制度的批判，能够过审本身就已很了不起，在有限的话语环境内也做到了最好的表达，尤其是徐峥谭卓王传君三位的表演，为这个故事大大增色。部分场景有借鉴韩影的色彩，希望以后拍类型片散伙饭部分不要再吃火锅了。
186,New Wave,1,和谐版的《辛德勒的名单》。
187,诸葛不要,5,比《达拉斯买家俱乐部》更让人感动一些，真实代入感太强了。黄毛像随处可见的村镇青年，却有着难得的江湖气。程勇则由猥琐奸商，逐渐成长为大侠。众生皆苦，不是药神是凡人。
188,Jody.L 李九弟,5,"“我相信未来会好起来。希望这一天，早点来吧。”
我们终于有了为之骄傲的电影。
离开的人们，现在2018年了，看看这个世界吧。"
189,大头绿豆,3,题材3分，前半部分3分，后半部分1分，结尾0分。高分说明讲好一个故事在现在的院线已经是多么难得的事，以及，不能把讲不圆一个好故事的锅都甩给广电总局。结尾可以好很多的。
190,麻绳,5,应该是2018年最爆炸的话题电影。直面中国底层生命的苦难和尊严，也没有逃避对社会制度和商业法则的拷问，在当下的中国电影中十分难得。创作上很成熟，剧作和表演尤其出色，每个人物都很立体，性格逻辑都很扎实，徐峥表演的突破性很大。事实证明，只要有生存空间，中国也能拍出《辩护人》那样的电影
191,Emily,5,2018年至今最佳电影，没有之一！从老奶奶对警察说“药假不假难道我们不知道吗”开始哭到最后，就像电影里说的，最大的病是穷病，没法治。希望通过这部电影反应出的问题能引起相关部门的重视，也希望国产片中能出现越来越多反映现实题材的佳作。
192,昏金暗玉,4,它并非天才般横空出世的电影，也不走让你眼前一亮的设计，但在小人物通往“圣人”的设计上，在每场戏的功能上都计算精准，其实它有非常巧妙的不为人察觉的价值偷换，内核与幕后黑手的转移也有点移花接木的意思。但处女作选择不玩形式感不玩概念的现实主义题材并能流畅呈现已是沙漠开出的花。
193,支离疏,5,确实很不错，四星水准，鼓励一星。
194,爱电影,1,不错的电影，很感人呀！催人泪下，呜呜呜呜呜呜呜呜呜呜呜呜呜呜呜呜呜呜呜呜呜呜呜呜呜呜呜呜呜呜呜呜呜呜呜呜呜！
195,番茄牛腩,5,看的点映首场，吹爆剧组，真实事件改编，剧情写的举重若轻，市井小人物开始为了赚钱，有了几个好朋友，害怕了退出了，最后又愧疚了回头了。人物塑造很饱满了，剧情啊逻辑什么的也很顺，编剧很皮啊好多前后呼应的点。有笑有泪，前面有多好笑后面就有多想哭，而且是真的能引发社会讨论的好片，五星！！
196,哟大豪爷,4,徐峥说上海话好可爱哈哈
197,Iosefka,4,药企耗费大量资金的自研成果救人无数，在电影里成了恶意兜售高价药的黑心反派，盗版药商摇身一变为救世主，就好比义正言辞“盗版的不要钱，为什么要去买正版？” 在版权意识薄弱的这片土地，这个议题如此处理实在不妥。
198,隔壁山田,5,专访过导演，可能也就大我两三岁，比片中“小黄毛”章宇还小3岁。才能突出到可以弥补学历经验，哪怕一辈子就这一部片子也不算白来。演员也都太对了，怎么能全都演得那么好呢。看片时左右哭得快背过去了，人是会恻隐的啊。那我觉得它存在的意义就是给毫无尊严的吾等屁民一根火柴。希望它得一些奖。
199,sun,5,看的点映，今年国产最佳无疑了！我们太需要这样的电影了，故事情怀道理深刻都有，徐峥和王传君会拿奖吧！
200,Pukii,5,好看！真的好看！虽然导演的节奏有点商业，不够个性，但基本上完成度有九成了。看得挺想哭的。。。很多问题，没有答案。为什么没有答案？对不起，这也没有答案。。。
201,周眠,4,完成度很高，的故事会。“通篇的煽情都很克制”，不如说“通篇都在很克制地煽情”。局限眼光，不令有智，为了什么行为背书，一目了然。如此推衍，雨燕也可以拍我不是车神。另有一波不是书神，碟神，不是陆客大巴神，不是地沟油食神在路上。
202,哼哼.不二.竺,5,建议各党政机关，企事业单位，社会团体组织观看。
203,老袁,4,好
204,Ⓜ️Ⓜ️,4,问题已经解决了再拿来拍，就不具备引起反思或推动社会进步的功能了，像歌功颂德(非自愿)，矛盾的视野也不全面，瑞士药商被塑造成唯利是图的形象不能令人满意。抛开剧本本身的剧情张力，电影在表达上也只能说不功不过。情绪上还是挺煽的，设置太多笑点像有强迫症。
205,远子,4,已经很不错了。现实肯定比电影复杂，之前看过的一些根据真人真事改编的电影，其现实往往比电影表现的要黑暗得多（比如《无人知晓》）。但我想我们不能因为现实的复杂而去否定电影的“单纯”。从某种程度上讲，这也是电影存在的意义。这部电影能够激发大家关于进口药的讨论，也是好事。
206,我要加油,4,剧情特别搞笑，而且特别接地气，把现实生活中的都呈现出来
207,穿裤子的云,5,拍电影不就是讲故事吗，故事讲的好就是好电影，而不是把宝都压在流量明星的身上。所以希望这部电影可以成为中国票房最高的电影，有越来越多的好剧本，好演员能跑出来
208,大瘦瘦,4,2016年药神在hkiff拿了创投大奖，当晚朋友拉着和文牧野一起吃饭，对方斯文儒雅低调不像一般人在饭桌上就开始油腻胡喷了，对他印象颇佳。另外关于这片我想说，不要用达拉斯买家俱乐部或者韩国电影去做类比，于人于己都是毫无意义之事，我喜欢谭卓和王传君的表演，大象席地而坐的章宇更是优秀
209,野子,4,故事虽然显得有点老套，但是几个主演真的很棒，题材也很走心，至少值得尊敬。
210,nothing纳森,3,社会上只有一种病就是穷
211,羽川翼,5,非常现实的题材，到后面全场都在擦眼泪，每一个人都演技在线，片尾字幕看到瑞士格列宁在我国已经进入医保，慢粒白血病人存活率从02的30%增加到85%，真的太好了
212,kulilin,3,题材过审不易，煽情肯定削弱了力量。宁浩本来要导的
213,力娃,3,挺好看，演的厉害，拍的聪明，也跟着度过了一段哭哭笑笑的时光。弱与用力过猛的地方、PPT式煽情的地方，作为消费者，觉得可以理解，乐意支持，也愿意推荐给更多人。两星扣给作为观众的这届年轻人。从什么时候，看电影要比拍电影更用力了？
214,文刀大土申,4,一部各方面都非常成熟的商业片，尺度拿捏适中，煽情却不过度贩卖。作为一部处女作作品，出人意料，当然这离开不宁浩、徐峥两位老司机监制的把关。再者，触碰如此大胆的现实主义题材，过审已属不易，从之前的更改片名便能看出，它之于国产电影创作的意义不可忽视，应当支持。
215,邓若虚,5,棒。在这样的环境下也已经做到了足够赤裸裸，起码戳到了一些真正的痛点。就按照这个路子多来几部吧，现实和真相的面纱早就需要揭开了。
216,无耻不混蛋,5,想赋予人物灵魂，你得先有灵魂。想赋予电影“心”，你得先有“心”。这部电影最出色的地方，就在于它在处理现实主义题材中各种的平衡性与分寸感，以及“天生的黑色幽默”。它恰到好处的用一个带传奇色彩的“真实故事”，表达了当下中国底层生存所遭遇的“两大悖论”：病人的悖论以及穷人的悖论。
217,抹茶巧克力,5,感叹于这部片子揭示的买药贵买药难问题，很棒的片子，后半段剧情急转十分催泪，很真实。
218,室内滂沱,2,前半部分固然好的很，但两种味儿的冰激凌既然不能分着卖，也只能看成整体了。后半集简直是卫生部版的战狼2，听说过杰克苏玛丽苏，没想到又冒出一个圣人苏，节奏、剪辑、镜头、表演甚至是配乐，都比前面差了不知多远，一下子打回主旋律原型。合着这事儿还是发生在qq年代，敢把时间背景放到现在吗
219,水浒三国金刚,4,中国电影的水平，中国足球是追不上的
