Data Source,,世界发展指标,,,,,,,,,,,,,,,,,,,,,,,,,,,,,,,,,,,,,,,,,,,,,,,,,,,,,,,,,,,,
Last Updated Date,,2018-7-25,,,,,,,,,,,,,,,,,,,,,,,,,,,,,,,,,,,,,,,,,,,,,,,,,,,,,,,,,,,,
,,,,,,,,,,,,,,,,,,,,,,,,,,,,,,,,,,,,,,,,,,,,,,,,,,,,,,,,,,,,,,
Country Name,Name,Country Code,Indicator Name,Indicator Code,1960,1961,1962,1963,1964,1965,1966,1967,1968,1969,1970,1971,1972,1973,1974,1975,1976,1977,1978,1979,1980,1981,1982,1983,1984,1985,1986,1987,1988,1989,1990,1991,1992,1993,1994,1995,1996,1997,1998,1999,2000,2001,2002,2003,2004,2005,2006,2007,2008,2009,2010,2011,2012,2013,2014,2015,2016,2017
阿鲁巴,Aruba,ABW,"Inflation, GDP deflator: linked series (annual %)",NY.GDP.DEFL.KD.ZG.AD,,,,,,,,,,,,,,,,,,,,,,,,,,,,,,,,,,,,-1.934979475,-3.089109793,4.073930386,7.47549382,-1.019211522,9.14274114,4.766220794,0.616713218,-3.150534796,8.957724838,4.213696288,1.490894631,12.46248902,14.27570645,-5.132055593,,,,,,,,
阿富汗,Afghanistan,AFG,"Inflation, GDP deflator: linked series (annual %)",NY.GDP.DEFL.KD.ZG.AD,,,,,,,,,,,,,,,,,,,,,,,,,,,,,,,,,,,,,,,,,,,,11.71567237,11.2427294,10.90026799,7.171260735,22.38201578,2.179103285,-2.107082554,9.437794773,10.56113929,8.304760856,3.877905972,0.595758459,2.432017315,5.123374914,4.873436868
安哥拉,Angola,AGO,"Inflation, GDP deflator: linked series (annual %)",NY.GDP.DEFL.KD.ZG.AD,,,,,,,,,,,,,,,,,,,,,,,,,,,,,,,14.00743982,106.3099823,476.5157508,917.7834682,2175.978955,1825.495149,4800.531644,95.4530222,39.35934833,557.501113,418.0189915,106.3521255,142.4782,86.11286259,40.60593031,24.04151899,14.69988848,12.0711372,19.68161029,-7.418836713,22.42234223,24.13811105,5.731266574,3.753032866,-1.311738375,-3.98089849,27.67483808,31.13637753
阿尔巴尼亚,Albania,ALB,"Inflation, GDP deflator: linked series (annual %)",NY.GDP.DEFL.KD.ZG.AD,,,,,,,,,,,,,,,,,,,,,,,,,,,,,,,-0.468707384,38.56834211,249.6834375,114.8356476,38.41649482,9.838901278,14.60100063,12.08870589,8.432367822,1.533330791,3.981288045,3.328851082,2.410589719,5.379724414,2.357084176,2.621017641,2.696049249,3.57619481,7.630324712,2.420047478,4.4899232,2.310040589,1.039992951,0.28997376,1.549997621,0.563992596,-0.481402831,1.374891229
安道尔共和国,Andorra,AND,"Inflation, GDP deflator: linked series (annual %)",NY.GDP.DEFL.KD.ZG.AD,,,,,,,,,,,,,,,,,,,,,,,,,,,,,,,7.326243654,6.935149041,6.710771164,4.537231746,3.879852799,4.933123527,0.797176303,2.228160168,1.499556889,2.731977636,29.2262783,2.769518099,3.400407853,2.879863449,3.350368553,3.099596888,3.200492427,3.869810711,1.980073056,-1.38E-05,1.599942786,2.499867696,1.099913621,0.000360616,-0.100367069,-0.455465515,0.699897362,0.899930122
阿拉伯联盟国家,,ARB,"Inflation, GDP deflator: linked series (annual %)",NY.GDP.DEFL.KD.ZG.AD,,,,,,,,,,,,,,,,,,,,,,,,,,,,,,,,,,,,,,,,,,,,,,,,,,,,,,,,,,
阿拉伯联合酋长国,United Arab Emirates,ARE,"Inflation, GDP deflator: linked series (annual %)",NY.GDP.DEFL.KD.ZG.AD,,,,,,,,,,,,,,,,,,,,,,,,,,,,,,,3.335900494,0.810848725,1.80682612,1.278036305,-0.262474922,3.907479754,5.773043907,-0.952300706,-4.254445321,8.443377455,11.4595358,-2.349307672,3.770839549,4.072406796,8.501422059,16.52601688,11.96242797,12.53396067,18.53335308,-15.18297988,12.49017594,13.16538942,2.237634058,-0.867150016,-1.014101843,-15.44540033,-3.197246522,6.310088273
阿根廷,Argentina,ARG,"Inflation, GDP deflator: linked series (annual %)",NY.GDP.DEFL.KD.ZG.AD,,,,,,,,,,,,,,,,,,,,,,,,,,,,,,,2076.793473,132.9532282,11.92076022,-1.466659942,2.849339715,3.16512339,-0.052375497,-0.463913131,-1.705279624,-1.836558392,1.037287101,-1.095767718,30.55520405,10.49570302,18.36335425,10.3175112,13.74105249,14.93992502,23.17116498,15.37764937,20.91512427,23.70347218,22.31488067,23.94879842,40.28297163,26.5799916,40.07469064,25.34917599
亚美尼亚,Armenia,ARM,"Inflation, GDP deflator: linked series (annual %)",NY.GDP.DEFL.KD.ZG.AD,,,,,,,,,,,,,,,,,,,,,,,,,,,,,,,,79.3861043,568.8072954,1391.166543,4107.29677,161.1639176,19.5917703,17.7359945,10.69849776,0.053804078,-1.373675994,4.069139932,2.369787815,4.561098399,6.309532721,3.239836249,4.619857666,4.232770382,5.989562359,2.556935054,7.768715482,4.281549998,5.345804416,3.36682464,2.30918243,1.213909902,0.268575079,2.231565794
美属萨摩亚,American Samoa,ASM,"Inflation, GDP deflator: linked series (annual %)",NY.GDP.DEFL.KD.ZG.AD,,,,,,,,,,,,,,,,,,,,,,,,,,,,,,,,,,,,,,,,,,,,1.701221779,-3.366533814,-1.361674647,2.895669461,2.819807428,11.17476097,25.75488455,-15.4185022,-0.639031235,17.3495686,2.355602289,-0.626945515,1.224997424,2.534046599,
安提瓜和巴布达,Antigua and Barbuda,ATG,"Inflation, GDP deflator: linked series (annual %)",NY.GDP.DEFL.KD.ZG.AD,,,,,,,,,,,,,,,,,,,,,,,,,,,,,,,1.650263602,2.606166738,2.461610273,1.812868832,3.245327063,2.403138564,2.977132869,1.827377353,2.110121317,1.503616107,-1.19467032,1.483864557,0.701495987,-0.963104283,1.641424974,4.46041552,0.408265975,3.738825165,4.38021371,1.788009653,1.440233795,1.199384563,2.480504656,-1.423553176,2.101279348,2.458768302,1.555462645,1.559252781
澳大利亚,Australia,AUS,"Inflation, GDP deflator: linked series (annual %)",NY.GDP.DEFL.KD.ZG.AD,,,,,,,,,,,,,,,,,,,,,,,,,,,,,,,6.10436051,3.024697501,1.456668153,0.879713567,1.02697961,2.272651898,2.695782976,1.233343122,1.272896805,0.355066029,2.579481368,4.62148467,2.860257973,3.113409302,3.309029336,3.795763491,5.092929969,5.014311782,4.525093288,5.003473379,1.163802785,6.25869016,1.874443802,-0.157896221,1.439945165,-0.728029657,-0.45836818,3.701453585
奥地利,Austria,AUT,"Inflation, GDP deflator: linked series (annual %)",NY.GDP.DEFL.KD.ZG.AD,,,,,,,,,,,,,,,,,,,,,,,,,,,,,,,2.999680428,3.641871474,3.479093128,2.757084616,2.524942866,1.813918059,0.986204274,1.266998426,0.44190019,0.256350668,1.364041084,1.947103099,1.145600159,1.307550179,1.739720537,2.537792666,1.892161861,2.221175991,1.956320756,1.889266618,0.873054056,1.833409896,2.054236904,1.623888691,1.980457536,2.314823496,1.088852144,1.55636179
阿塞拜疆,Azerbaijan,AZE,"Inflation, GDP deflator: linked series (annual %)",NY.GDP.DEFL.KD.ZG.AD,,,,,,,,,,,,,,,,,,,,,,,,,,,,,,,,83.54951227,1065.329231,747.5669765,1385.202032,545.6953104,26.42101248,9.240213206,-0.963931136,2.16100726,12.49336968,2.5150101,3.119319133,6.008614013,8.315176291,16.13942154,11.30121955,20.98190417,27.76195318,-18.92973159,13.75655299,22.56608671,2.847939958,0.45752317,-0.558659406,-8.855123624,14.67140063,15.95333585
布隆迪,Burundi,BDI,"Inflation, GDP deflator: linked series (annual %)",NY.GDP.DEFL.KD.ZG.AD,,,,,,,,,,,,,,,,,,,,,,,,,,,,,,,5.985561541,4.093140789,5.401760705,7.742645673,6.638445457,16.10271174,14.45311141,32.39778923,11.45055601,14.95414026,13.17883576,13.71640679,1.027858567,11.94574864,13.14615934,18.85693347,2.845127974,6.90187529,23.99094327,8.247352888,12.30329598,14.2943384,15.41650116,13.16338004,8.303402297,4.856888773,3.804734638,20.22556256
比利时,Belgium,BEL,"Inflation, GDP deflator: linked series (annual %)",NY.GDP.DEFL.KD.ZG.AD,,,,,,,,,,,,,,,,,,,,,,,,,,,,,,,2.812403184,2.876624601,3.424524527,3.993231832,2.094305124,1.220769401,0.444072153,0.899233194,1.760777427,0.568594736,2.023575857,2.101592901,1.679841676,1.962814203,1.980600515,2.136030909,2.309882953,2.007498028,1.915219077,0.778103162,1.883091286,2.001847292,1.97466857,1.046204858,0.665453943,1.114787241,1.584435879,1.677988141
贝宁,Benin,BEN,"Inflation, GDP deflator: linked series (annual %)",NY.GDP.DEFL.KD.ZG.AD,,,,,,,,,,,,,,,,,,,,,,,,,,,,,,,2.176596925,0.756620152,3.025134466,2.378321821,33.50397662,15.09945191,6.907293665,3.667509173,5.231604748,8.543260489,4.338065007,1.972079109,3.553106878,3.06386771,0.77019549,4.293805217,2.091668629,0.390494254,6.438068579,2.53020605,0.884971821,3.733877525,7.692696608,1.40667989,-0.248640139,0.075747138,-0.279995286,0.356904235
布基纳法索,Burkina Faso,BFA,"Inflation, GDP deflator: linked series (annual %)",NY.GDP.DEFL.KD.ZG.AD,,,,,,,,,,,,,,,,,,,,,,,,,,,,,,,1.810015422,-3.967780749,0.227059619,-1.441839779,14.63896188,6.769569034,0.348705151,1.55619985,7.940316033,4.43648392,-0.819771968,3.179629518,3.837945803,1.48477964,0.09062731,3.739396495,-0.662821135,0.994991923,7.639188433,2.405470435,6.806101001,6.705946363,5.823973269,-2.129175315,-0.62037906,-3.073429795,4.02412944,3.4427594
孟加拉国,Bangladesh,BGD,"Inflation, GDP deflator: linked series (annual %)",NY.GDP.DEFL.KD.ZG.AD,,,,,,,,,,,,,,,,,,,,,,,,,,,,,,,6.532735292,2.729531996,2.582161899,0.155518173,3.966216316,7.144938703,4.234503616,3.800232201,4.736212562,3.781037737,3.44665935,3.261160132,3.892867435,5.815816648,4.56213638,4.586360705,5.875972258,6.471223456,7.860966092,6.764354686,7.14464873,7.859446035,8.164597746,7.174963123,5.668754958,5.872776577,6.727860072,6.278682233
保加利亚,Bulgaria,BGR,"Inflation, GDP deflator: linked series (annual %)",NY.GDP.DEFL.KD.ZG.AD,,,,,,,,,,,,,,,,,,,,,,,,,,,,,,,26.18800066,226.53786,59.57864928,51.09105386,72.7049684,62.3766487,103.4391513,958.5032348,32.20662394,2.443028465,7.31080293,6.108405732,3.773705853,2.271150183,5.659485096,6.511692512,6.741437635,11.09139848,8.129765514,4.047417475,1.107474183,5.978628166,1.555244694,-0.702887845,0.452104206,2.205825957,2.246224087,1.178293011
巴林,Bahrain,BHR,"Inflation, GDP deflator: linked series (annual %)",NY.GDP.DEFL.KD.ZG.AD,,,,,,,,,,,,,,,,,,,,,,,,,,,,,,,4.826695567,-1.882524863,-3.532652291,-3.025814742,7.331189486,1.090668488,0.196721929,0.931715111,-7.057410565,2.656433743,29.9914839,-3.363876178,3.56464237,8.444943699,10.99107672,13.7349923,8.842531381,8.435437003,11.36485349,-12.99375493,7.441014838,9.736421819,3.010651418,0.384706205,-1.670607235,-9.368381023,0.080457317,5.704381798
巴哈马,Bahamas,BHS,"Inflation, GDP deflator: linked series (annual %)",NY.GDP.DEFL.KD.ZG.AD,,,,,,,,,,,,,,,,,,,,,,,,,,,,,,,5.073711046,2.556539476,3.905565902,-0.851984086,2.183366361,0.802435952,0.984243333,1.92767477,3.049232629,4.950928295,0.921909234,0.353469259,3.960873783,1.154678348,1.194529963,5.056748709,0.827941837,2.947514507,1.488942038,-1.036553462,-0.3926783,-0.858336036,2.105634286,-0.458015267,3.25510543,6.507529872,2.119688154,1.275330817
波斯尼亚和黑塞哥维那,Bosnia-Herzegovina,BIH,"Inflation, GDP deflator: linked series (annual %)",NY.GDP.DEFL.KD.ZG.AD,,,,,,,,,,,,,,,,,,,,,,,,,,,,,,,,,,,,8.84743048,-17.05676277,13.01148173,-1.581925087,8.355650913,5.892741203,2.961962963,4.461582788,0.912384705,2.572497845,2.826267509,7.831521465,6.294892943,7.209675992,0.170185851,1.403970882,2.436388716,0.795672982,-0.223668561,1.004555103,1.366440508,1.410649594,2.346415951
白俄罗斯,Belarus,BLR,"Inflation, GDP deflator: linked series (annual %)",NY.GDP.DEFL.KD.ZG.AD,,,,,,,,,,,,,,,,,,,,,,,,,,,,,,,,110.3767052,1030.77681,1058.714498,1945.748608,661.5040772,53.71432724,71.64957472,76.58044606,316.7934352,185.2907605,79.53457252,44.8937391,30.68532136,22.67512265,18.97216044,10.74861579,12.87270229,21.21353599,5.68381641,15.05984694,70.77142566,75.2011165,21.23267227,18.1089866,16.02249234,8.341921686,8.17536314
伯利兹,Belize,BLZ,"Inflation, GDP deflator: linked series (annual %)",NY.GDP.DEFL.KD.ZG.AD,,,,,,,,,,,,,,,,,,,,,,,,,,,,,,,2.813289715,-2.56070953,4.012641676,1.650706629,3.588316901,6.078657088,1.968728772,-1.476784813,1.502740845,-2.235684119,0.458891981,-0.222680905,1.752839006,-2.859425136,2.06616936,2.681530148,4.478324453,4.846907236,2.73116453,-3.005532351,1.137236683,4.240955472,1.952614941,1.74640014,1.558206606,0.562685487,2.838800333,0.095764209
百慕大,Bermuda,BMU,"Inflation, GDP deflator: linked series (annual %)",NY.GDP.DEFL.KD.ZG.AD,,,,,,,,,,,,,,,,,,,,,,,,,,,,,,,6.03357231,6.430590524,2.813883984,5.196304339,1.959564202,4.178463534,29.36469989,4.02390394,2.7415512,2.71214952,-4.236355416,-1.369196175,8.580442045,2.824739991,4.692143362,6.762373651,5.377171057,5.866405765,2.085337649,0.333664945,1.048907542,-0.032572528,4.829612392,3.245896562,,,,
玻利维亚,Bolivia,BOL,"Inflation, GDP deflator: linked series (annual %)",NY.GDP.DEFL.KD.ZG.AD,,,,,,,,,,,,,,,,,,,,,,,,,,,,,,,16.26793991,17.68943693,13.19920758,6.557159358,7.952203941,11.42728592,11.58020594,5.705042541,7.051130173,2.411561422,5.19540791,1.870092796,2.820756619,6.329993017,7.967709974,5.940795568,13.66367938,7.373355353,10.38118272,-2.419895917,8.777508322,14.60235401,7.100276603,5.995388017,2.049497254,-4.620602784,-1.354869243,6.061399101
巴西,Brazil,BRA,"Inflation, GDP deflator: linked series (annual %)",NY.GDP.DEFL.KD.ZG.AD,,,,,,,,,,,,,,,,,,,,,,,,,,,,,,,2700.44214,414.2362617,968.1842555,2001.347726,2302.840778,89.49744028,18.4577835,7.728833105,4.924091502,8.009287115,5.885482128,8.232635464,9.797521307,14.09208429,7.74753022,7.437125123,6.7790941,6.448587993,8.782008072,7.313442599,8.409654436,8.307285349,7.930491528,7.498842407,7.842144591,7.570640312,8.144388499,3.791215029
巴巴多斯,Barbados,BRB,"Inflation, GDP deflator: linked series (annual %)",NY.GDP.DEFL.KD.ZG.AD,,,,,,,,,,,,,,,,,,,,,,,,,,,,,,,3.801862006,3.224681359,3.928357675,4.226244419,1.287744134,3.082902717,2.526059499,0.953003122,8.731921442,4.370286523,0.733539602,2.299821702,0.891805126,1.096485596,5.831668698,6.631492201,3.086674687,4.642826708,1.745173865,0.249649108,0.321491295,3.739659017,-0.396431337,-0.941724741,-0.0899729,-1.412421927,-3.13918397,4.172068904
文莱达鲁萨兰国,Brunei Darussalam,BRN,"Inflation, GDP deflator: linked series (annual %)",NY.GDP.DEFL.KD.ZG.AD,,,,,,,,,,,,,,,,,,,,,,,,,,,,,,,,,,,,,,,,,,,,,,,,,,,,,,,,,,4.95524291
不丹,Bhutan,BTN,"Inflation, GDP deflator: linked series (annual %)",NY.GDP.DEFL.KD.ZG.AD,,,,,,,,,,,,,,,,,,,,,,,,,,,,,,,5.708849389,8.764146894,9.296758652,8.186462433,12.85199001,8.047819758,8.056127019,12.48539754,10.5096307,7.435308155,2.286209091,5.266308725,4.881217483,3.08507447,3.790932586,5.857933983,5.411194945,3.110660422,5.653072455,4.85125114,5.985510627,8.607164662,9.180739187,5.864394676,7.280554978,3.647474142,4.237309642,7.548929322
博茨瓦纳,Botswana,BWA,"Inflation, GDP deflator: linked series (annual %)",NY.GDP.DEFL.KD.ZG.AD,,,,,,,,,,,,,,,,,,,,,,,,,,,,,,,6.300018284,5.177710042,6.63928073,13.06470039,9.46380484,7.15529484,16.11219538,5.281537746,9.663393362,14.23520845,14.17096689,8.312825089,1.187370705,3.25908433,10.07878862,15.47170656,7.473131023,4.9276071,4.72939345,6.462525782,8.919999829,16.41481175,-0.112202677,0.456881699,11.90390297,1.864951505,11.95754249,3.149397902
中非共和国,Central African Republic,CAF,"Inflation, GDP deflator: linked series (annual %)",NY.GDP.DEFL.KD.ZG.AD,,,,,,,,,,,,,,,,,,,,,,,,,,,,,,,1.836645106,-0.389815608,2.782647022,-3.433020318,24.41256968,9.897975858,-3.543045733,0.823381001,-0.414154095,4.08471549,8.506601078,0.425938675,-2.371881706,1.336418631,-4.439785938,4.188437082,3.334045939,1.83823165,7.077070724,3.482512932,2.009031942,1.961844723,2.69369338,6.997035407,11.0686844,6.16227331,6.315285335,4.510380595
加拿大,Canada,CAN,"Inflation, GDP deflator: linked series (annual %)",NY.GDP.DEFL.KD.ZG.AD,,,,,,,,,,,,,,,,,,,,,,,,,,,,,,,3.423340044,3.094211252,1.50146792,1.302939151,1.470340198,2.260575656,1.744551308,1.14132265,-0.180438535,1.903893879,4.34127359,1.658242746,1.244227585,3.255939918,3.280222606,3.147044049,2.613426177,3.31877548,4.004975858,-2.29424686,2.874062219,3.242049692,1.221252376,1.585155038,1.970540017,-0.755602608,0.612168438,2.273096464
中歐和波羅的海,,CEB,"Inflation, GDP deflator: linked series (annual %)",NY.GDP.DEFL.KD.ZG.AD,,,,,,,,,,,,,,,,,,,,,,,,,,,,,,,,,,,,,,,,,,,,,,,,,,,,,,,,,,
瑞士,Switzerland,CHE,"Inflation, GDP deflator: linked series (annual %)",NY.GDP.DEFL.KD.ZG.AD,,,,,,,,,,,,,,,,,,,,,,,,,,,,,,,4.60362124,5.409104839,2.124635025,2.322024024,1.184387088,0.737757712,0.162231876,-0.410920397,-0.117098605,0.11512745,1.501299766,1.018505219,-0.253624683,1.126917822,0.343441109,0.690188432,2.095783718,2.414661544,2.02727348,0.361845093,0.317189436,0.342286529,-0.174018718,0.025296072,-0.625407758,-0.600769414,-0.566143534,0.353549558
海峡群岛,,CHI,"Inflation, GDP deflator: linked series (annual %)",NY.GDP.DEFL.KD.ZG.AD,,,,,,,,,,,,,,,,,,,,,,,,,,,,,,,,,,,,,,,,3.909630979,3.892317592,3.301635531,4.382725567,4.353715494,3.797571335,2.504709657,3.278931607,3.336333251,,,,,,,,,,
智利,Chile,CHL,"Inflation, GDP deflator: linked series (annual %)",NY.GDP.DEFL.KD.ZG.AD,,,,,,,,,,,,,,,,,,,,,,,,,,,,,,,22.4709371,21.3909823,13.46437703,12.16441967,14.46398495,11.68071811,3.371361756,3.061631778,1.042537529,2.279442498,4.271839188,3.860901228,3.392072989,4.578857544,7.849482044,7.642888649,12.16220724,5.338018812,-0.053439049,4.654764991,8.962293747,3.112906925,1.130160918,1.976645267,5.923605677,4.96949871,4.725454632,4.651401381
中国,China,CHN,"Inflation, GDP deflator: linked series (annual %)",NY.GDP.DEFL.KD.ZG.AD,,,,,,,,,,,,,,,,,,,,,,,,,,,,,,,5.724589743,6.683985627,8.198247654,15.20220481,20.60060944,13.6705391,6.501095946,1.622160415,-0.892589361,-1.268409649,2.06146138,2.043115008,0.604850658,2.605441209,6.954321801,3.902639778,3.927910852,7.805018466,7.827406952,-0.133898166,6.944445338,8.152151195,2.392484151,2.225234148,0.828373663,0.093333428,1.138017622,4.05448338
科特迪瓦,Ivory Coast,CIV,"Inflation, GDP deflator: linked series (annual %)",NY.GDP.DEFL.KD.ZG.AD,,,,,,,,,,,,,,,,,,,,,,,,,,,,,,,-4.523273544,0.66348927,-0.023837136,6.154194292,46.38606943,11.04378986,4.983084576,6.20167537,3.639483253,0.786182072,2.245818787,7.396413417,6.667307076,4.801016887,-2.890620394,1.301305273,1.744017698,2.933142431,8.502569447,2.34574282,5.38642329,1.63542432,4.117403007,2.751705966,3.909362202,3.106147122,1.568348439,1.143162175
喀麦隆,Cameroon,CMR,"Inflation, GDP deflator: linked series (annual %)",NY.GDP.DEFL.KD.ZG.AD,,,,,,,,,,,,,,,,,,,,,,,,,,,,,,,1.643098431,3.568713529,-1.277671029,39.80023297,9.61873528,4.992791916,1.072764083,5.588903549,4.308289035,-1.119766442,5.214816796,1.460673165,1.841655702,0.195810514,1.986006799,0.748966068,3.358663703,0.957762904,6.612783812,1.645181868,1.909827788,2.670232542,2.670900032,2.041154858,2.096074939,0.1791471,0.030554319,2.760214909
刚果（金）,Congo DR,COD,"Inflation, GDP deflator: linked series (annual %)",NY.GDP.DEFL.KD.ZG.AD,,,,,,,,,,,,,,,,,,,,,,,,,,,,,,,108.9553071,2338.44967,3855.307641,1657.641589,26765.85825,466.4073586,638.1888243,192.6428345,26.93537636,441.9024919,2630.122674,73.05971136,31.71946123,13.41545352,6.365458263,29.86954662,13.32522538,20.27146498,20.46531662,32.65792915,20.78632515,13.79166011,5.939992212,2.771291418,0.993630667,-1.155897722,4.349249135,41.68645089
刚果（布）,Congo,COG,"Inflation, GDP deflator: linked series (annual %)",NY.GDP.DEFL.KD.ZG.AD,,,,,,,,,,,,,,,,,,,,,,,,,,,,,,,-1.029068272,-1.480635697,-1.56926841,-1.130828613,36.75282565,3.39592951,17.99192403,4.964517679,-18.22208966,29.35534193,47.04008308,-13.92520817,-1.738927561,-4.251536919,16.8072383,21.32945389,18.51937308,1.122452918,25.0276754,-20.62725465,20.72207519,10.67028677,-1.169937931,-3.658243547,-5.668963801,-29.69106658,-5.52718249,14.55711858
哥伦比亚,Colombia,COL,"Inflation, GDP deflator: linked series (annual %)",NY.GDP.DEFL.KD.ZG.AD,,,,,,,,,,,,,,,,,,,,,,,,,,,,,,,26.10513922,26.18781409,22.22595459,27.95354001,45.35706146,18.85095726,16.86837879,16.83985293,14.77304541,12.62294083,11.15327404,6.518448292,5.968190573,6.829014842,7.283033407,5.557541217,5.775091062,5.039757332,7.555699507,3.407906932,3.856258895,6.725211717,2.988986956,1.992707158,2.069740604,2.453469416,4.878311541,4.820863541
科摩罗,Comoros,COM,"Inflation, GDP deflator: linked series (annual %)",NY.GDP.DEFL.KD.ZG.AD,,,,,,,,,,,,,,,,,,,,,,,,,,,,,,,2.175182292,8.119439139,-6.764690274,2.833000911,9.416785198,8.3207386,3.199091552,0.923831597,1.346385501,5.811654768,3.426445467,8.630198159,4.170660623,5.111613217,3.388515646,0.31592074,3.110884512,3.544775162,5.274328519,3.629855026,3.872910467,2.624175535,2.279940255,1.326643359,2.659682581,3.426132809,6.943818354,0.776345328
佛得角,Cape Verde,CPV,"Inflation, GDP deflator: linked series (annual %)",NY.GDP.DEFL.KD.ZG.AD,,,,,,,,,,,,,,,,,,,,,,,,,,,,,,,2.345310322,4.792418971,-4.115844926,49.35408686,-29.17246227,-1.546899309,5.766898034,-0.835291428,-0.335990483,7.612078194,-1.200928291,5.15533505,-0.363208944,4.921099761,-6.332546974,-1.794883198,4.63977092,1.365374447,3.545932648,2.174621123,0.505086042,2.676410906,0.552996041,1.42841089,-0.146774194,1.736266113,-0.835178102,1.139502261
哥斯达黎加,Costa Rica,CRI,"Inflation, GDP deflator: linked series (annual %)",NY.GDP.DEFL.KD.ZG.AD,,,,,,,,,,,,,,,,,,,,,,,,,,,,,,,17.11317439,26.2619305,19.69187368,10.37726162,15.65798565,21.21805805,15.25811575,14.60561438,12.14890527,11.40101181,9.518621977,9.759026411,9.861003005,10.72253649,13.44587554,13.10309256,13.03749845,10.5352777,11.4176941,9.827297783,6.570813123,4.548391869,4.355873016,4.013244205,5.797551943,3.776914533,1.78942853,1.978312517
加勒比小国,,CSS,"Inflation, GDP deflator: linked series (annual %)",NY.GDP.DEFL.KD.ZG.AD,,,,,,,,,,,,,,,,,,,,,,,,,,,,,,,,,,,,,,,,,,,,,,,,,,,,,,,,,,
古巴,Cuba,CUB,"Inflation, GDP deflator: linked series (annual %)",NY.GDP.DEFL.KD.ZG.AD,,,,,,,,,,,,,,,,,,,,,,,,,,,,,,,5.261274572,-7.387843306,3.745721126,18.97549173,26.28203206,10.50866726,-2.671884423,-1.351181035,1.29793967,3.789095926,1.741163592,0.454939112,4.533175759,2.973510543,0.605978559,0.380080549,10.3655614,3.589775462,-0.344532567,0.634175021,1.202048529,4.323767132,2.914057805,2.65783024,3.463375741,3.439048763,,
库拉索,Cura?ao,CUW,"Inflation, GDP deflator: linked series (annual %)",NY.GDP.DEFL.KD.ZG.AD,,,,,,,,,,,,,,,,,,,,,,,,,,,,,,,,,,,,,,,,,,,,,,,,,,,,,,,,,,
开曼群岛,Cayman Islands,CYM,"Inflation, GDP deflator: linked series (annual %)",NY.GDP.DEFL.KD.ZG.AD,,,,,,,,,,,,,,,,,,,,,,,,,,,,,,,,,,,3.09780789,,,,,,,,,,,,,,,,,,,,,,,
塞浦路斯,Cyprus,CYP,"Inflation, GDP deflator: linked series (annual %)",NY.GDP.DEFL.KD.ZG.AD,,,,,,,,,,,,,,,,,,,,,,,,,,,,,,,5.433124951,3.888005908,6.041382455,4.803133192,5.27098227,12.27197714,2.502715745,3.976230329,3.362835881,2.555305913,3.860878978,3.65716629,0.71437204,3.951174223,3.553120099,4.027174758,3.475773291,3.186148947,4.024417879,0.023418285,2.008104077,1.908999735,1.892708973,-1.051040805,-1.565201067,-1.182622429,-0.684439435,1.52089328
捷克共和国,Czech Republic,CZE,"Inflation, GDP deflator: linked series (annual %)",NY.GDP.DEFL.KD.ZG.AD,,,,,,,,,,,,,,,,,,,,,,,,,,,,,,,,36.19238844,12.35726263,21.00880291,12.3419666,9.10736667,9.973286803,8.364785883,9.942323845,2.998134793,1.76630394,4.888706159,2.715458864,1.156069288,3.872393451,0.073659956,0.690924062,3.51814694,2.054140105,2.598717443,-1.425449616,0.020952612,1.459974673,1.431897907,2.479976757,1.16589854,1.235923138,1.303824531
德国,Germany,DEU,"Inflation, GDP deflator: linked series (annual %)",NY.GDP.DEFL.KD.ZG.AD,,,,,,,,,,,,,,,,,,,,,,,,,,,,,,,3.396643509,3.085079746,5.286803115,4.135528002,2.1641768,1.975525403,0.622076784,0.262417488,0.608122458,0.317977708,-0.449787884,1.276999699,1.350551643,1.206865986,1.093727836,0.620694358,0.304045355,1.697387271,0.838791683,1.7569942,0.757704408,1.070476908,1.540294079,1.965390517,1.794387609,2.01304621,1.329210699,1.537468922
吉布提,Djibouti,DJI,"Inflation, GDP deflator: linked series (annual %)",NY.GDP.DEFL.KD.ZG.AD,,,,,,,,,,,,,,,,,,,,,,,,,,,,,,,,,,,,,,,,,,,,,,,,,,,,,,,0.840368904,2.36831413,-0.674045471,0.448845121
多米尼克,Dominica,DMA,"Inflation, GDP deflator: linked series (annual %)",NY.GDP.DEFL.KD.ZG.AD,,,,,,,,,,,,,,,,,,,,,,,,,,,,,,,3.028175525,7.830890208,4.142715034,2.787886078,5.987638316,1.967586545,2.821777214,2.422009204,0.164347077,2.895424759,0.599196417,1.684669248,0.175554994,-3.729882623,3.679918366,-1.087062128,2.4,1.525168937,1.508536561,8.003847533,0.296699463,1.693110738,-1.946698766,3.919788152,-0.102822123,4.84969365,5.875658731,0.997822968
丹麦,Denmark,DNK,"Inflation, GDP deflator: linked series (annual %)",NY.GDP.DEFL.KD.ZG.AD,,,,,,,,,,,,,,,,,,,,,,,,,,,,,,,2.602415431,2.659480843,1.655854469,0.57995235,1.565480931,1.282436934,2.01420014,2.01386575,1.232211919,1.684751427,3.017954451,2.518363369,2.347662427,1.481799325,2.095789505,2.906375904,2.076205287,2.432261473,4.134724656,0.5290228,3.224064436,0.638645461,2.375180441,0.888174322,1.032129549,0.701115894,-0.046444164,1.555341415
多米尼加共和国,Dominican Republic,DOM,"Inflation, GDP deflator: linked series (annual %)",NY.GDP.DEFL.KD.ZG.AD,,,,,,,,,,,,,,,,,,,,,,,,,,,,,,,50.45925301,58.24835587,5.568290059,4.983763062,10.13587567,9.652386002,3.669736843,9.451332812,6.504701252,3.834154402,7.207762797,6.040738836,6.920668849,33.46154066,45.16631005,5.781251843,6.641244773,5.700857255,10.39168751,3.498146566,5.443413315,8.060755175,5.098181545,4.692819142,2.046646448,0.640803048,0.87189386,3.672633475
阿尔及利亚,Algeria,DZA,"Inflation, GDP deflator: linked series (annual %)",NY.GDP.DEFL.KD.ZG.AD,,,,,,,,,,,,,,,,,,,,,,,,,,,,,,,30.25959854,53.78860417,21.92611453,13.62442466,29.07764732,28.57703753,24.02190407,7.001963049,-3.131088699,10.856323,22.65476747,-0.481507974,1.311488107,8.328835734,12.24587584,16.11681869,10.56356014,6.423261755,15.35548006,-11.18979348,16.08171712,18.24090967,7.481337601,-0.061844145,-0.290131471,-6.571977498,0.889903894,6.800176707
东亚与太平洋地区（不包括高收入）,,EAP,"Inflation, GDP deflator: linked series (annual %)",NY.GDP.DEFL.KD.ZG.AD,,,,,,,,,,,,,,,,,,,,,,,,,,,,,,,,,,,,,,,,,,,,,,,,,,,,,,,,,,
早人口紅利,,EAR,"Inflation, GDP deflator: linked series (annual %)",NY.GDP.DEFL.KD.ZG.AD,,,,,,,,,,,,,,,,,,,,,,,,,,,,,,,,,,,,,,,,,,,,,,,,,,,,,,,,,,
东亚与太平洋地区,,EAS,"Inflation, GDP deflator: linked series (annual %)",NY.GDP.DEFL.KD.ZG.AD,,,,,,,,,,,,,,,,,,,,,,,,,,,,,,,,,,,,,,,,,,,,,,,,,,,,,,,,,,
欧洲与中亚地区（不包括高收入）,,ECA,"Inflation, GDP deflator: linked series (annual %)",NY.GDP.DEFL.KD.ZG.AD,,,,,,,,,,,,,,,,,,,,,,,,,,,,,,,,,,,,,,,,,,,,,,,,,,,,,,,,,,
欧洲与中亚地区,,ECS,"Inflation, GDP deflator: linked series (annual %)",NY.GDP.DEFL.KD.ZG.AD,,,,,,,,,,,,,,,,,,,,,,,,,,,,,,,,,,,,,,,,,,,,,,,,,,,,,,,,,,
厄瓜多尔,Ecuador,ECU,"Inflation, GDP deflator: linked series (annual %)",NY.GDP.DEFL.KD.ZG.AD,,,,,,,,,,,,,,,,,,,,,,,,,,,,,,,5.813629203,6.889320383,4.303229428,2.64177089,15.00871935,5.222553228,1.490154815,7.006173042,-3.782679235,-26.29999283,-7.714066764,28.41427846,12.08527442,10.59308704,4.261845701,7.732711011,8.000910822,6.650502273,13.8473189,0.655537559,7.46507997,5.662656747,4.985253061,3.095049013,3.030703069,-2.491020758,0.90947269,1.463070759
阿拉伯埃及共和国,Egypt,EGY,"Inflation, GDP deflator: linked series (annual %)",NY.GDP.DEFL.KD.ZG.AD,,,,,,,,,,,,,,,,,,,,,,,,,,,,,,,18.44061169,14.47857278,19.73342075,8.429109859,8.448871417,11.39973306,7.107667474,9.87755952,3.892266738,0.869953641,4.932875392,1.867699846,3.185476353,6.778704243,11.67219475,6.205394074,7.349860448,12.59317063,12.20258847,11.18528197,10.10909356,11.64649554,19.49525763,8.712674575,11.2476245,9.93088973,6.245663134,22.93255423
欧洲货币联盟,,EMU,"Inflation, GDP deflator: linked series (annual %)",NY.GDP.DEFL.KD.ZG.AD,,,,,,,,,,,,,,,,,,,,,,,,,,,,,,,,,,,,,,,,,,,,,,,,,,,,,,,,,,
厄立特里亚,Eritrea,ERI,"Inflation, GDP deflator: linked series (annual %)",NY.GDP.DEFL.KD.ZG.AD,,,,,,,,,,,,,,,,,,,,,,,,,,,,,,,,,,-1.383170645,22.15,11.3,9.07483508,3.897151472,9.109173259,2.318561344,24.97759459,15.07726994,16.14866733,21.87284165,24.79928572,7.623689381,11.39400375,7.28820842,16.07622012,29.5045071,11.57375741,13.3408506,,,,,,
西班牙,Spain,ESP,"Inflation, GDP deflator: linked series (annual %)",NY.GDP.DEFL.KD.ZG.AD,,,,,,,,,,,,,,,,,,,,,,,,,,,,,,,7.326251168,6.935139483,6.710771209,4.537241246,3.879841995,4.933129725,3.4707213,2.381828025,2.532759835,2.664837615,3.276074469,4.079865676,4.114985296,3.918908845,3.921275695,4.149491286,3.978200117,3.331139602,2.135441392,0.252533821,0.16041859,0.028968199,0.067950146,0.353610345,-0.19498388,0.610875762,0.283304212,0.954824617
爱沙尼亚,Estonia,EST,"Inflation, GDP deflator: linked series (annual %)",NY.GDP.DEFL.KD.ZG.AD,,,,,,,,,,,,,,,,,,,,,,,,,,,,,,,,,,,,,24.65791245,10.16997517,7.893231568,7.44564271,3.760529129,6.32596646,5.047947246,4.293393968,4.867405088,6.071704912,8.877905052,11.51045906,7.49280755,0.430687766,1.735884047,5.260896424,3.159752112,3.555743231,1.472050415,1.246192558,1.592692393,3.977280948
埃塞俄比亚,Ethiopia,ETH,"Inflation, GDP deflator: linked series (annual %)",NY.GDP.DEFL.KD.ZG.AD,,,,,,,,,,,,,,,,,,,,,,,,,,,,,,,3.271374608,19.08429008,15.53222611,13.37686414,2.931081741,12.70636909,0.239137919,0.206655547,-0.150146819,2.222722962,6.8,-5.755335341,-3.621434201,12.76797833,3.911362441,9.875511922,11.5523498,17.22057949,30.31167309,24.14641529,1.444572321,20.06187507,33.54140502,4.901979307,10.98178829,10.83654278,10.39794268,6.324334745
欧洲联盟,,EUU,"Inflation, GDP deflator: linked series (annual %)",NY.GDP.DEFL.KD.ZG.AD,,,,,,,,,,,,,,,,,,,,,,,,,,,,,,,,,,,,,,,,,,,,,,,,,,,,,,,,,,
脆弱和受衝突影響的情況下,,FCS,"Inflation, GDP deflator: linked series (annual %)",NY.GDP.DEFL.KD.ZG.AD,,,,,,,,,,,,,,,,,,,,,,,,,,,,,,,,,,,,,,,,,,,,,,,,,,,,,,,,,,
芬兰,Finland,FIN,"Inflation, GDP deflator: linked series (annual %)",NY.GDP.DEFL.KD.ZG.AD,,,,,,,,,,,,,,,,,,,,,,,,,,,,,,,5.202082904,1.558754373,0.929173826,1.803697595,1.842521279,4.196436117,-0.099840953,2.118583834,3.111427499,0.94730289,1.630493317,3.333428585,0.970277769,0.21365275,0.607742706,0.92361662,0.912454382,2.765039571,3.076884682,1.877414436,0.350772528,2.584023761,2.953564395,2.551715664,1.692890248,1.872375163,0.790898505,0.932456147
斐济,Fiji,FJI,"Inflation, GDP deflator: linked series (annual %)",NY.GDP.DEFL.KD.ZG.AD,,,,,,,,,,,,,,,,,,,,,,,,,,,,,,,6.679469369,5.993130648,6.265132027,7.236737447,0.84161071,1.156904346,2.895990938,3.450613071,7.48757882,6.81109454,-4.666525486,3.361065808,3.31901532,7.873831983,2.239112732,6.817737677,3.725106993,2.955055586,1.355986638,1.390694791,4.229785352,9.39134058,3.576514257,3.621295626,3.852664669,4.127385105,6.535053832,2.994733505
法国,France,FRA,"Inflation, GDP deflator: linked series (annual %)",NY.GDP.DEFL.KD.ZG.AD,,,,,,,,,,,,,,,,,,,,,,,,,,,,,,,2.667063475,2.556290721,1.96672603,1.607129144,0.937706247,1.146130335,1.383060333,0.877179548,0.981904069,0.217643614,1.600712968,2.03762165,2.084660573,1.863034762,1.665513689,1.992027108,2.229544536,2.619994938,2.428018,0.136762954,1.053620244,1.060174163,1.293541616,0.778185831,0.58550925,1.183731312,0.180995214,0.995561444
法罗群岛,Faroe Islands,FRO,"Inflation, GDP deflator: linked series (annual %)",NY.GDP.DEFL.KD.ZG.AD,,,,,,,,,,,,,,,,,,,,,,,,,,,,,,,,,,,,,,,,,,,,,,,,,,,,,,,,,,
密克罗尼西亚联邦,"Micronesia, Federated States of",FSM,"Inflation, GDP deflator: linked series (annual %)",NY.GDP.DEFL.KD.ZG.AD,,,,,,,,,,,,,,,,,,,,,,,,,,,,,,,4.949650002,5.101371221,3.030566511,3.012221307,2.615031312,2.424990923,1.697533828,0.646592874,3.112681966,-0.90937907,1.08204496,1.159153627,0.021296679,-0.393280239,1.051625629,2.087128706,1.420963397,3.280189148,4.787569945,5.265253523,3.795106954,1.322204737,7.164707051,0.795948967,2.837020552,-5.544760451,4.735830764,-0.019607843
加蓬,Gabon,GAB,"Inflation, GDP deflator: linked series (annual %)",NY.GDP.DEFL.KD.ZG.AD,,,,,,,,,,,,,,,,,,,,,,,,,,,,,,,15.35814139,-11.36610253,0.213866959,-0.509480779,46.55144294,1.339115488,13.56267674,0.946536838,-17.78640148,19.19133589,28.0893436,-6.252593441,0.855807814,-0.217120396,7.765278535,20.09446327,9.868156162,4.231354055,20.47894624,-18.07453581,16.5660055,12.68081566,-2.943170009,-6.158587032,-0.850571378,-8.926648359,-4.262104771,1.303092932
英国,United Kingdom,GBR,"Inflation, GDP deflator: linked series (annual %)",NY.GDP.DEFL.KD.ZG.AD,,,,,,,,,,,,,,,,,,,,,,,,,,,,,,,7.888311909,6.401250094,3.348880693,2.695875792,1.360408738,10.80770017,4.082572203,0.932569152,1.157605207,0.819157204,2.05069932,0.861635147,2.229512302,2.411009819,2.508014825,2.645640926,3.027195574,2.579644206,2.82238757,1.521299207,1.570106241,2.011154953,1.563467122,1.90379116,1.715349139,0.456272022,1.974342691,1.963555889
格鲁吉亚,Georgia,GEO,"Inflation, GDP deflator: linked series (annual %)",NY.GDP.DEFL.KD.ZG.AD,,,,,,,,,,,,,,,,,,,,,,,,,,,,,,,22.24445244,62.2306729,1310.314577,15444.38414,6041.594902,162.7251273,43.03263275,6.537977167,6.936232019,9.726611869,4.679636199,5.376924521,5.919661769,3.424565096,8.36751903,7.927263349,8.484859543,9.692843376,9.707408842,-2.13643173,8.547328409,9.453722176,1.071212078,-0.762289631,3.780483928,5.886766367,4.189155709,6.485833026
加纳,Ghana,GHA,"Inflation, GDP deflator: linked series (annual %)",NY.GDP.DEFL.KD.ZG.AD,,,,,,,,,,,,,,,,,,,,,,,,,,,,,,,31.16658673,20.04135936,11.15008268,31.75721236,30.12892716,43.04533048,39.83774296,19.45816743,17.04846525,13.97116501,27.2301138,34.81794423,22.81858456,28.70440739,14.35015113,14.96371826,12.78866114,18.62788848,19.41027092,15.6665688,16.59564476,13.91482211,15.20527873,15.58107726,16.68127544,16.3688832,17.80909065,13.39470133
直布罗陀,Gibraltar,GIB,"Inflation, GDP deflator: linked series (annual %)",NY.GDP.DEFL.KD.ZG.AD,,,,,,,,,,,,,,,,,,,,,,,,,,,,,,,,,,,,,,,,,,,,,,,,,,,,,,,,,,
几内亚,Guinea,GIN,"Inflation, GDP deflator: linked series (annual %)",NY.GDP.DEFL.KD.ZG.AD,,,,,,,,,,,,,,,,,,,,,,,,,,,,,,,17.27918117,25.81867057,26.22021363,0.673757277,1.428001639,5.951338301,1.545968237,1.434126666,3.324640444,4.227675307,6.30012396,1.752426317,0.432772377,15.91069656,16.52158332,27.39084537,37.58404182,13.60823668,16.70108991,1.765879624,16.09448234,8.999287649,11.51425928,4.340296028,2.605112897,2.983161067,7.135099718,12.06631156
冈比亚,Gambia,GMB,"Inflation, GDP deflator: linked series (annual %)",NY.GDP.DEFL.KD.ZG.AD,,,,,,,,,,,,,,,,,,,,,,,,,,,,,,,11.96453339,8.256341213,7.12,5.142322801,3.777396253,3.963250567,2.911712209,3.844791656,2.51756554,4.340751787,2.216982654,15.12597805,16.10387759,27.39114006,16.84634323,3.593314334,1.932224572,4.295673558,2.010750252,5.179127199,4.298710758,3.715842427,4.451369468,5.672200842,6.619928045,6.373763021,7.140456267,8.136549783
几内亚比绍共和国,Guinea-Bissau,GNB,"Inflation, GDP deflator: linked series (annual %)",NY.GDP.DEFL.KD.ZG.AD,,,,,,,,,,,,,,,,,,,,,,,,,,,,,,,30.24603769,67.89436694,64.98118949,49.05888536,23.24948076,44.73003822,39.23371349,34.13819483,8.074834534,12.30606626,3.260737433,6.769180782,1.79681441,-5.011825826,-1.38677412,5.80054673,-2.272704286,4.381030362,12.47520655,-2.45815794,2.965353009,14.03157423,-0.850532794,-0.932149485,-0.148257131,12.10198864,6.096399675,5.946002134
赤道几内亚,Equatorial Guinea,GNQ,"Inflation, GDP deflator: linked series (annual %)",NY.GDP.DEFL.KD.ZG.AD,,,,,,,,,,,,,,,,,,,,,,,,,,,,,,,10.35252684,3.552112542,-15.42370048,-2.693115419,24.52634674,7.680834092,0.821196362,-13.14717367,-31.56591498,39.15762567,46.56174334,-11.97152744,-1.582890271,0.635621902,16.92276351,42.57748777,12.9763712,3.037653859,19.84003893,-20.83023096,24.90653418,17.04510657,4.854786563,-1.072684215,-1.273838257,-20.21117423,-6.353140872,12.52914974
希腊,Greece,GRC,"Inflation, GDP deflator: linked series (annual %)",NY.GDP.DEFL.KD.ZG.AD,,,,,,,,,,,,,,,,,,,,,,,,,,,,,,,20.69059762,19.78774307,14.79881428,14.42874718,11.18188881,9.791836017,7.635700009,6.553380236,5.10356868,3.62273356,1.592670443,3.474752008,3.348771327,3.453574315,3.062661563,2.240319487,3.495042612,3.422666805,4.344583232,2.569771121,0.673371803,0.798356141,-0.370392027,-2.352299994,-1.832091216,-1.024371478,-0.956305221,0.669504795
格林纳达,Grenada,GRD,"Inflation, GDP deflator: linked series (annual %)",NY.GDP.DEFL.KD.ZG.AD,,,,,,,,,,,,,,,,,,,,,,,,,,,,,,,0.015943748,6.669902251,4.011580531,1.883424817,3.190762918,3.053150632,2.673084511,1.784707222,1.747440994,1.111980268,2.692405092,2.144176943,0.372146666,-0.077072097,2.031148013,2.465270336,4.657577061,2.319965035,7.846359419,-0.009120678,0.479720705,0.223429559,3.927636598,2.921997394,0.772425398,2.7671226,2.172025181,2.120219344
格陵兰,Greenland,GRL,"Inflation, GDP deflator: linked series (annual %)",NY.GDP.DEFL.KD.ZG.AD,,,,,,,,,,,,,,,,,,,,,,,,,,,,,,,5.092584964,3.22527511,1.545678166,1.042016454,0.46837432,2.055872291,0.980101192,0.496703675,0.978426733,1.06045632,2.110093215,3.402256828,3.103083667,6.532016149,-0.537595743,-3.229128695,2.238383145,-0.047515342,-2.01334418,5.538635432,2.027604919,2.884045659,3.445331812,0.891460812,0.870674312,6.131058202,-0.217557221,
危地马拉,Guatemala,GTM,"Inflation, GDP deflator: linked series (annual %)",NY.GDP.DEFL.KD.ZG.AD,,,,,,,,,,,,,,,,,,,,,,,,,,,,,,,40.53125909,32.97505206,8.861384868,14.50435158,11.72227822,8.667818234,8.900004498,8.257339532,9.502435164,5.041558012,6.83011464,7.592384338,6.449502751,4.456033017,6.076934481,5.634572519,4.993877081,7.13598858,9.440449826,3.543627673,5.141872621,6.93307659,3.32220273,3.36668251,3.01615992,3.230927516,3.698831785,3.619188154
关岛,Guam,GUM,"Inflation, GDP deflator: linked series (annual %)",NY.GDP.DEFL.KD.ZG.AD,,,,,,,,,,,,,,,,,,,,,,,,,,,,,,,,,,,,,,,,,,,,4.210506814,1.796169856,5.099392478,4.377464531,3.002952948,3.82775613,3.13784895,0.28682647,0.5505549,3.404439085,0.794529745,2.047418025,2.504347099,1.333110544,
圭亚那,Guyana,GUY,"Inflation, GDP deflator: linked series (annual %)",NY.GDP.DEFL.KD.ZG.AD,,,,,,,,,,,,,,,,,,,,,,,,,,,,,,,56.39717409,126.7371019,13.49999925,15.49999523,19.70000534,12.40000803,3.999990603,1.399055199,3.00095787,11.19999915,6.600010781,-1.887560364,4.513852342,5.485870925,4.893909094,7.898586339,5.627296115,12.70264164,9.020371713,3.698737909,5.734214539,7.924569738,5.693309627,0.016855302,-0.39092024,-0.239043441,7.123330181,1.916721497
高收入国家,,HIC,"Inflation, GDP deflator: linked series (annual %)",NY.GDP.DEFL.KD.ZG.AD,,,,,,,,,,,,,,,,,,,,,,,,,,,,,,,,,,,,,,,,,,,,,,,,,,,,,,,,,,
中国香港特别行政区,Hong Kong,HKG,"Inflation, GDP deflator: linked series (annual %)",NY.GDP.DEFL.KD.ZG.AD,,,,,,,,,,,,,,,,,,,,,,,,,,,,,,,7.564924907,9.140393789,9.89935022,8.612936989,6.321180633,4.139546279,5.883537566,5.760251946,1.219907677,-4.095678912,-3.394240685,-1.774022727,-3.40182899,-6.007731215,-3.5908155,-0.150145344,-0.534918319,3.137432242,1.28145835,-0.375505941,0.270644287,3.897892035,3.544806694,1.81250124,2.850270826,3.64350237,1.657979886,2.931019144
洪都拉斯,Honduras,HND,"Inflation, GDP deflator: linked series (annual %)",NY.GDP.DEFL.KD.ZG.AD,,,,,,,,,,,,,,,,,,,,,,,,,,,,,,,21.20055873,26.02834035,9.102214239,13.60833457,28.88674234,24.87907233,22.92477639,16.37125803,11.62866261,11.56025421,9.657353401,8.08434938,5.131939922,5.759740767,6.451983852,7.279164158,5.348663465,6.625507168,7.790513639,7.653732423,4.676043295,7.807205237,3.579787426,1.374030519,6.849356725,6.932770369,3.466546914,4.211120495
重债穷国 (HIPC),,HPC,"Inflation, GDP deflator: linked series (annual %)",NY.GDP.DEFL.KD.ZG.AD,,,,,,,,,,,,,,,,,,,,,,,,,,,,,,,,,,,,,,,,,,,,,,,,,,,,,,,,,,
克罗地亚,Croatia,HRV,"Inflation, GDP deflator: linked series (annual %)",NY.GDP.DEFL.KD.ZG.AD,,,,,,,,,,,,,,,,,,,,,,,,,,,,,,,,,,,,,3.781004514,6.949688093,8.255724134,3.744122575,4.445809736,4.205136972,3.480491618,4.049352316,3.722157331,3.395162166,3.997115021,4.105125846,5.702398713,2.780420193,0.820860126,1.663840357,1.559382182,0.788826816,0.063645901,-0.019753075,-0.084349692,1.167417744
海地,Haiti,HTI,"Inflation, GDP deflator: linked series (annual %)",NY.GDP.DEFL.KD.ZG.AD,,,,,,,,,,,,,,,,,,,,,,,,,,,,,,,,,,,,,,12.72699205,14.15741693,7.031403224,11.0561553,11.63247667,9.994215831,26.90251759,21.50609543,17.57194443,14.73887449,8.04065047,12.89485194,3.702317367,5.451056322,7.510274119,5.285562796,6.599104993,4.502751062,6.878637782,11.96228396,13.36181049
匈牙利,Hungary,HUN,"Inflation, GDP deflator: linked series (annual %)",NY.GDP.DEFL.KD.ZG.AD,,,,,,,,,,,,,,,,,,,,,,,,,,,,,,,,,21.50917965,21.2784551,19.49106052,26.73278896,22.03399311,20.01162797,13.56520782,8.071155546,9.86470965,11.22681348,8.3410508,5.543169197,4.987175004,2.428789745,3.535223892,5.409139246,4.995068872,4.038553809,2.329190549,2.268626358,3.381494747,2.935912215,3.380941298,1.88484189,0.959284367,3.665601803
只有IBRD,,IBD,"Inflation, GDP deflator: linked series (annual %)",NY.GDP.DEFL.KD.ZG.AD,,,,,,,,,,,,,,,,,,,,,,,,,,,,,,,,,,,,,,,,,,,,,,,,,,,,,,,,,,
IBRD与IDA,,IBT,"Inflation, GDP deflator: linked series (annual %)",NY.GDP.DEFL.KD.ZG.AD,,,,,,,,,,,,,,,,,,,,,,,,,,,,,,,,,,,,,,,,,,,,,,,,,,,,,,,,,,
IDA總,,IDA,"Inflation, GDP deflator: linked series (annual %)",NY.GDP.DEFL.KD.ZG.AD,,,,,,,,,,,,,,,,,,,,,,,,,,,,,,,,,,,,,,,,,,,,,,,,,,,,,,,,,,
IDA混合,,IDB,"Inflation, GDP deflator: linked series (annual %)",NY.GDP.DEFL.KD.ZG.AD,,,,,,,,,,,,,,,,,,,,,,,,,,,,,,,,,,,,,,,,,,,,,,,,,,,,,,,,,,
印度尼西亚,Indonesia,IDN,"Inflation, GDP deflator: linked series (annual %)",NY.GDP.DEFL.KD.ZG.AD,,,,,,,,,,,,,,,,,,,,,,,,,,,,,,,9.093949698,8.767038886,7.288856258,19.15257826,7.776572803,9.882045131,8.676509755,12.5713763,75.27116877,14.16119599,20.44745685,14.29571544,5.896051693,5.487429138,8.550727032,14.33178708,14.08742442,11.25857853,18.14975125,8.274752432,15.26429366,7.465943034,3.753878753,4.965990291,5.443174549,3.98024266,2.480395711,4.244464291
只有IDA,,IDX,"Inflation, GDP deflator: linked series (annual %)",NY.GDP.DEFL.KD.ZG.AD,,,,,,,,,,,,,,,,,,,,,,,,,,,,,,,,,,,,,,,,,,,,,,,,,,,,,,,,,,
马恩岛,Isle of Man,IMN,"Inflation, GDP deflator: linked series (annual %)",NY.GDP.DEFL.KD.ZG.AD,,,,,,,,,,,,,,,,,,,,,,,,,,,,,,,9.049359762,6.890457685,3.755534448,2.187959165,2.537775675,2.938880572,2.554490458,2.661685032,2.378768622,2.300069322,3.267054312,1.167328293,2.945032506,2.649966,5.962852688,3.1620879,3.276906514,45.49894778,1.550450686,8.789977507,-0.577679035,-4.549045028,-0.01420104,1.537847637,-0.528010692,1.948149351,,
印度,India,IND,"Inflation, GDP deflator: linked series (annual %)",NY.GDP.DEFL.KD.ZG.AD,,,,,,,,,,,,,,,,,,,,,,,,,,,,,,,10.66830385,13.75181894,8.96515236,9.861782853,9.980044775,9.062702221,7.575018288,6.476271263,8.010167523,3.06839552,3.644970161,3.215616017,3.715683777,3.867798086,5.72540656,4.236931692,6.42258434,5.756243466,8.664665347,6.063829304,8.983819558,8.539714396,7.934387478,6.186504001,3.331756917,2.071893515,3.463897722,2.997597738
未分类国家,,INX,"Inflation, GDP deflator: linked series (annual %)",NY.GDP.DEFL.KD.ZG.AD,,,,,,,,,,,,,,,,,,,,,,,,,,,,,,,,,,,,,,,,,,,,,,,,,,,,,,,,,,
爱尔兰,Ireland,IRL,"Inflation, GDP deflator: linked series (annual %)",NY.GDP.DEFL.KD.ZG.AD,,,,,,,,,,,,,,,,,,,,,,,,,,,,,,,-0.729184823,1.801396462,2.81221935,5.175752682,1.694531741,3.033996137,1.88335163,4.456526311,6.714219128,4.250864209,6.792268394,6.353511094,4.861870498,3.823742069,0.554864012,2.819353016,3.012359438,1.320689835,-0.888856219,-5.010479087,-3.221414794,-0.374432132,2.068570806,1.042363183,-0.397843386,7.2800333,0.020732442,-0.308372846
伊朗伊斯兰共和国,Iran,IRN,"Inflation, GDP deflator: linked series (annual %)",NY.GDP.DEFL.KD.ZG.AD,,,,,,,,,,,,,,,,,,,,,,,,,,,,,,,22.53953575,25.98906439,29.92419572,46.17163361,33.67760099,38.09714542,30.27572724,16.52646476,9.276809954,33.20603277,24.91446237,16.64353114,29.25229966,13.03725119,24.66302665,20.1661916,14.58259303,22.93906135,19.42198087,4.598516917,15.88262597,23.74297537,24.01610944,35.56745056,10.83811325,0.429237409,1.607211905,8.096794211
伊拉克,Iraq,IRQ,"Inflation, GDP deflator: linked series (annual %)",NY.GDP.DEFL.KD.ZG.AD,,,,,,,,,,,,,,,,,,,,,,,,,,,,,,,73.64539029,111.1264158,104.5007719,114.467668,396.4380229,295.3676666,-12.54413884,91.49879905,-15.86076527,71.14804433,43.67813996,-19.5765324,6.653371571,7.804234388,16.72169981,32.30692269,18.00503066,15.01581429,30.17540867,-19.52120051,16.58674075,24.68943742,2.669769383,0.019511119,-0.695134062,-26.86570912,-12.91720905,16.2
冰岛,Iceland,ISL,"Inflation, GDP deflator: linked series (annual %)",NY.GDP.DEFL.KD.ZG.AD,,,,,,,,,,,,,,,,,,,,,,,,,,,,,,,,,,,,,,4.46120684,4.721055264,3.499964662,4.015058613,8.67860512,5.890339937,0.4850115,2.671679533,2.583442307,8.376076811,4.305276472,11.86453556,10.220274,5.472439284,2.969559668,3.283487093,1.875908786,4.072476199,6.041828692,2.113044654,0.481958379
以色列,Israel,ISR,"Inflation, GDP deflator: linked series (annual %)",NY.GDP.DEFL.KD.ZG.AD,,,,,,,,,,,,,,,,,,,,,,,,,,,,,,,,,,,,,10.2850035,8.777192149,6.916739474,6.232580752,2.825158313,1.850443933,4.17763164,-0.043171307,0.48118245,1.134771469,1.992212904,1.169986042,2.427106243,3.884727031,1.773718101,2.404694948,3.960140427,2.24832586,1.039252253,2.244444902,0.843294245,0.152206125
意大利,Italy,ITA,"Inflation, GDP deflator: linked series (annual %)",NY.GDP.DEFL.KD.ZG.AD,,,,,,,,,,,,,,,,,,,,,,,,,,,,,,,8.914063408,7.581328697,4.368115587,3.885951839,3.542473565,4.925244473,4.553871214,2.601978338,2.5298088,1.620674644,1.965319917,2.986117405,3.354198539,3.181332105,2.523726034,1.888233449,1.898849869,2.434610726,2.480577356,1.957826338,0.319446203,1.468390873,1.38015264,1.211939756,0.958906794,0.937903127,0.848446622,0.629108923
牙买加,Jamaica,JAM,"Inflation, GDP deflator: linked series (annual %)",NY.GDP.DEFL.KD.ZG.AD,,,,,,,,,,,,,,,,,,,,,,,,,,,,,,,25.11710588,53.13135045,60.03573388,52.80639967,31.10724653,25.1868524,18.87210783,9.6086992,8.33305645,6.916060812,10.58708025,7.807369401,9.083848429,11.62405511,12.85859953,11.46874387,8.848192933,11.32081038,13.54680953,11.64616925,9.811483319,5.767788135,6.570720056,8.398049668,7.012307805,6.616117248,4.595385589,6.954563136
约旦,Jordan,JOR,"Inflation, GDP deflator: linked series (annual %)",NY.GDP.DEFL.KD.ZG.AD,,,,,,,,,,,,,,,,,,,,,,,,,,,,,,,12.74095995,5.216269756,2.86417758,2.817487183,6.874326376,1.87267607,2.061126798,1.238506557,6.018816097,-0.403198387,-0.407665119,0.780561216,0.92224524,2.148813934,3.091808145,2.006611227,10.65163526,5.05064062,19.86910439,2.82619821,8.430456424,6.386512793,4.500643802,5.599770652,3.444317929,2.272429348,1.007517544,1.654327085
日本,Japan,JPN,"Inflation, GDP deflator: linked series (annual %)",NY.GDP.DEFL.KD.ZG.AD,,,,,,,,,,,,,,,,,,,,,,,,,,,,,,,2.605305178,2.927848037,1.666638728,0.568373362,0.265515049,-0.533459697,-0.496487072,0.503830133,-0.045119614,-1.309492414,-1.383685532,-1.104516896,-1.458286043,-1.616981143,-1.100735877,-1.037434652,-0.883377798,-0.729479771,-0.980895409,-0.611272559,-1.895163535,-1.674325774,-0.761554976,-0.333177012,1.745314197,2.141344449,0.273557738,-0.215152805
哈萨克斯坦,Kazakhstan,KAZ,"Inflation, GDP deflator: linked series (annual %)",NY.GDP.DEFL.KD.ZG.AD,,,,,,,,,,,,,,,,,,,,,,,,,,,,,,,,96.35649613,1472.216356,1243.461657,1546.726816,160.8886735,38.89963115,16.13572998,5.662844723,13.28014062,17.42640268,10.15643264,5.803224095,11.73852465,16.131627,17.87482725,21.55170891,15.5270973,20.93653821,4.691085074,19.5422854,20.54295827,4.785569806,9.49908144,5.771239531,1.823549877,13.63843362,6.380392334
肯尼亚,Kenya,KEN,"Inflation, GDP deflator: linked series (annual %)",NY.GDP.DEFL.KD.ZG.AD,,,,,,,,,,,,,,,,,,,,,,,,,,,,,,,10.63719873,12.5319619,18.89723408,25.69848361,17.01641479,11.22107084,9.11624416,11.43521633,6.931402668,4.193939048,6.079848488,1.573120299,0.933205556,6.197313239,7.126841556,4.899649719,7.786740571,8.129485595,15.15117496,11.63730368,2.091675657,10.79790704,9.206497218,5.331827794,8.068290645,10.02498138,8.133617004,2.701080066
吉尔吉斯斯坦,Kyrgyzstan,KGZ,"Inflation, GDP deflator: linked series (annual %)",NY.GDP.DEFL.KD.ZG.AD,,,,,,,,,,,,,,,,,,,,,,,,,,,,,,,7.935334067,134.7495242,830.159607,754.4279202,180.874929,42.03108942,35.34290788,19.30964153,9.077506169,37.57449951,27.18221523,7.332355221,2.025443876,3.97497374,5.108425962,7.128622298,9.391617849,14.87655209,22.21598851,4.035303735,10.03390382,22.48184215,8.656316801,3.175188204,8.415225438,3.427287418,6.050564291,4.575617135
柬埔寨,Cambodia,KHM,"Inflation, GDP deflator: linked series (annual %)",NY.GDP.DEFL.KD.ZG.AD,,,,,,,,,,,,,,,,,,,,,,,,,,,,,,,,,,,59.96529339,8.004180161,3.03250199,6.005075839,10.35773733,1.261552288,-4.283226767,2.646541004,0.713141232,1.797517596,4.823737963,6.076678825,4.631109399,6.518033506,12.25378661,2.504384662,3.12059287,3.36406625,1.440518127,0.781387552,2.632195879,1.719270692,3.456117371,3.428652631
基里巴斯,Kiribati,KIR,"Inflation, GDP deflator: linked series (annual %)",NY.GDP.DEFL.KD.ZG.AD,,,,,,,,,,,,,,,,,,,,,,,,,,,,,,,-1.062753036,19.60784314,5.630791162,5.23872679,6.853352985,1.333333333,9.978070175,5.303760849,7.252747253,4.4921875,2.034084662,6.742151312,4.947133684,2.639303396,1.707640775,0.512072322,-0.255517252,6.069792225,8.141374406,0.563232827,1.523756313,2.287749186,0.53457939,0.904635629,1.458576282,2.86664791,7.251723492,1.642459979
圣基茨和尼维斯,Saint Kitts and Nevis,KNA,"Inflation, GDP deflator: linked series (annual %)",NY.GDP.DEFL.KD.ZG.AD,,,,,,,,,,,,,,,,,,,,,,,,,,,,,,,7.516461354,2.753904646,4.832520594,1.69801003,5.562293873,2.100073361,0.441952863,4.741632052,2.852349629,3.350212063,1.807701111,3.965570084,2.143053861,0.042154698,4.229176405,-0.63584728,15.04638054,6.12721541,3.1442647,0.918599966,-0.272726554,4.335505123,-1.901929726,1.0278108,1.510560775,-0.363854343,1.355801944,2.175640982
大韩民国,Korea Republic,KOR,"Inflation, GDP deflator: linked series (annual %)",NY.GDP.DEFL.KD.ZG.AD,,,,,,,,,,,,,,,,,,,,,,,,,,,,,,,10.10863197,9.484622004,7.742931257,6.197872139,8.101918071,6.940949518,4.255407795,4.064135225,4.616943487,-1.184522012,1.086839359,3.650429647,3.06049293,3.395062023,2.984103715,1.031571545,-0.139840054,2.397231346,2.956662985,3.54229743,3.161444248,1.58460368,1.043502224,0.853333712,0.600438073,2.394658864,1.977968551,2.265177789
科威特,Kuwait,KWT,"Inflation, GDP deflator: linked series (annual %)",NY.GDP.DEFL.KD.ZG.AD,,,,,,,,,,,,,,,,,,,,,,,,,,,,,,,,,,-7.386420445,-5.870476134,4.851798216,15.51126284,-4.719444713,-17.14802512,18.07267049,20.52647018,-8.180194438,5.153043486,4.924563112,10.84995415,22.35761174,16.17340157,4.306788698,18.66198429,-17.21634884,11.16571396,17.22778175,7.486702949,0.223332885,-6.757912727,-25.95841894,-6.133643629,11.94655227
拉丁美洲与加勒比海地区（不包括高收入）,,LAC,"Inflation, GDP deflator: linked series (annual %)",NY.GDP.DEFL.KD.ZG.AD,,,,,,,,,,,,,,,,,,,,,,,,,,,,,,,,,,,,,,,,,,,,,,,,,,,,,,,,,,
老挝,Lao People's Democratic Republic,LAO,"Inflation, GDP deflator: linked series (annual %)",NY.GDP.DEFL.KD.ZG.AD,,,,,,,,,,,,,,,,,,,,,,,,,,,,,,,37.90738077,12.97176039,5.993841477,11.18257934,7.700595511,19.68536442,13.72521226,19.35281673,84.5044589,127.9739664,24.79777661,8.868073802,6.318464743,13.45008984,10.69042854,8.640322479,10.80510123,7.438286006,8.863450638,-2.932073533,9.196571112,10.4687176,7.528859305,6.473972084,5.726559182,2.348585293,3.02252102,1.851795769
黎巴嫩,Lebanon,LBN,"Inflation, GDP deflator: linked series (annual %)",NY.GDP.DEFL.KD.ZG.AD,,,,,,,,,,,,,,,,,,,,,,,,,,,,,,,15.50184839,51.53849343,119.9892876,29.10212878,13.80036621,10.589574,7.688769575,15.36162196,4.091298765,0.739417992,-2.090103726,-1.555100173,4.929350152,1.585803264,-1.482575114,-1.115849762,0.820823241,3.117001178,7.64626857,10.2938175,0.237744857,3.361871073,6.478405365,2.19696285,1.912308106,2.562592677,-1.684206085,2.457163488
利比里亚,Liberia,LBR,"Inflation, GDP deflator: linked series (annual %)",NY.GDP.DEFL.KD.ZG.AD,,,,,,,,,,,,,,,,,,,,,,,,,,,,,,,-0.167333701,5.544646681,-1.063218391,7.076101469,5.344360941,6.510688445,5.465554575,-10.00882403,-6.66670189,0.917751562,-6.891738343,-4.317028355,0.443206918,9.672410129,11.19655418,10.04984404,1.64774365,11.69923971,7.34935156,29.05326814,5.473707484,10.48844974,3.987770731,3.177443819,2.69634158,1.043219076,4.973579234,0.252206719
利比亚,Libyan Arab Jamahiriya,LBY,"Inflation, GDP deflator: linked series (annual %)",NY.GDP.DEFL.KD.ZG.AD,,,,,,,,,,,,,,,,,,,,,,,,,,,,,,,,,,,,,,,,,13.30692472,7.184917534,27.24724117,14.36260188,22.60535308,28.56853571,9.46070039,11.02016968,21.82955491,-25.31279599,14.16106783,18.25071664,8.980670224,-6.667921552,-17.30902887,-15.25096566,14.0046412,24.43956581
圣卢西亚,Saint Lucia,LCA,"Inflation, GDP deflator: linked series (annual %)",NY.GDP.DEFL.KD.ZG.AD,,,,,,,,,,,,,,,,,,,,,,,,,,,,,,,5.961735914,5.54590319,2.37911106,0.792444341,2.566494837,4.966273695,-0.403067976,2.774723853,2.495582699,2.41829423,4.003930569,-1.892524763,0.269592859,5.522999036,1.080800079,6.89287192,12.25259035,11.53551712,-5.001924265,-2.649435316,11.2260621,3.379914365,-0.242327834,0.292927952,4.385681636,4.218160434,-0.556805178,0.02209395
拉丁美洲与加勒比海地区,,LCN,"Inflation, GDP deflator: linked series (annual %)",NY.GDP.DEFL.KD.ZG.AD,,,,,,,,,,,,,,,,,,,,,,,,,,,,,,,,,,,,,,,,,,,,,,,,,,,,,,,,,,
最不发达国家：联合国分类,,LDC,"Inflation, GDP deflator: linked series (annual %)",NY.GDP.DEFL.KD.ZG.AD,,,,,,,,,,,,,,,,,,,,,,,,,,,,,,,,,,,,,,,,,,,,,,,,,,,,,,,,,,
低收入国家,,LIC,"Inflation, GDP deflator: linked series (annual %)",NY.GDP.DEFL.KD.ZG.AD,,,,,,,,,,,,,,,,,,,,,,,,,,,,,,,,,,,,,,,,,,,,,,,,,,,,,,,,,,
列支敦士登,Liechtenstein,LIE,"Inflation, GDP deflator: linked series (annual %)",NY.GDP.DEFL.KD.ZG.AD,,,,,,,,,,,,,,,,,,,,,,,,,,,,,,,5.402444426,5.870130986,4.023554056,3.301885506,0.852359088,1.795951981,0.815421359,0.514706114,0.014630341,0.819191906,1.552523977,0.985854942,0.650820776,0.632557217,0.810167293,1.190569632,1.314880476,6.58173838,-2.11669208,-9.900663628,,,,,,,,
斯里兰卡,Sri Lanka,LKA,"Inflation, GDP deflator: linked series (annual %)",NY.GDP.DEFL.KD.ZG.AD,,,,,,,,,,,,,,,,,,,,,,,,,,,,,,,20.06327529,10.62402316,9.403706116,9.88439431,9.770584818,9.30343963,10.8174558,8.924468818,9.214160128,4.162701159,7.277430207,5.149138425,8.111570257,8.748664398,8.801492462,10.41872675,11.27702945,14.02844282,16.32701602,5.879882636,7.298947764,3.831392606,10.82842563,6.236927535,2.912097694,0.649042285,4.080132361,8.243715077
中低等收入国家,,LMC,"Inflation, GDP deflator: linked series (annual %)",NY.GDP.DEFL.KD.ZG.AD,,,,,,,,,,,,,,,,,,,,,,,,,,,,,,,,,,,,,,,,,,,,,,,,,,,,,,,,,,
中低收入国家,,LMY,"Inflation, GDP deflator: linked series (annual %)",NY.GDP.DEFL.KD.ZG.AD,,,,,,,,,,,,,,,,,,,,,,,,,,,,,,,,,,,,,,,,,,,,,,,,,,,,,,,,,,
莱索托,Lesotho,LSO,"Inflation, GDP deflator: linked series (annual %)",NY.GDP.DEFL.KD.ZG.AD,,,,,,,,,,,,,,,,,,,,,,,,,,,,,,,11.99390391,17.82722234,13.93898992,11.29797376,7.766636117,12.8165184,6.002044899,9.018940617,9.922233731,8.131252792,6.300218425,11.47305426,14.20693263,2.438813144,9.600392856,5.922842475,9.310988802,0.389863808,12.86432387,0.153666477,4.151780517,8.410637332,2.479554468,8.899618803,12.82247368,9.911453087,2.949558658,-1.112142211
後期人口紅利,,LTE,"Inflation, GDP deflator: linked series (annual %)",NY.GDP.DEFL.KD.ZG.AD,,,,,,,,,,,,,,,,,,,,,,,,,,,,,,,,,,,,,,,,,,,,,,,,,,,,,,,,,,
立陶宛,Lithuania,LTU,"Inflation, GDP deflator: linked series (annual %)",NY.GDP.DEFL.KD.ZG.AD,,,,,,,,,,,,,,,,,,,,,,,,,,,,,,,,,,,,,18.98183392,11.45056547,3.350391636,-1.259304733,1.280475077,-0.321999515,0.316685352,-0.807966186,2.688245435,6.898361944,6.743987637,8.567987545,9.704806953,-3.295134066,2.378523369,5.228250697,2.69851331,1.287683387,1.027470375,0.306313743,0.950554934,4.254472523
卢森堡,Luxembourg,LUX,"Inflation, GDP deflator: linked series (annual %)",NY.GDP.DEFL.KD.ZG.AD,,,,,,,,,,,,,,,,,,,,,,,,,,,,,,,2.513387786,1.82283936,3.729075747,5.972769354,3.542372379,2.332070546,4.487871879,-0.959847187,-2.003672421,5.800739446,2.164982461,0.457001712,1.680807315,2.682816428,2.954943815,4.195702289,7.035516419,1.490136296,3.883715788,1.398017695,3.616722473,4.773590945,2.556496803,1.695922765,1.645842437,1.31907195,-1.309389049,2.129662112
拉脱维亚,Latvia,LVA,"Inflation, GDP deflator: linked series (annual %)",NY.GDP.DEFL.KD.ZG.AD,,,,,,,,,,,,,,,,,,,,,,,,,,,,,,,,,,,,,12.60244276,5.809706197,4.804258824,1.496105317,3.615480202,2.29280089,5.094358026,4.916778232,6.762208315,11.17370305,12.40970913,20.116005,11.75146447,-9.679660604,-0.811835684,6.394654453,3.615730465,1.646877668,1.758484932,0.001230036,0.273965388,3.058498607
中国澳门特别行政区,Macao,MAC,"Inflation, GDP deflator: linked series (annual %)",NY.GDP.DEFL.KD.ZG.AD,,,,,,,,,,,,,,,,,,,,,,,,,,,,,,,10.98993694,11.63705155,14.8311145,9.551262818,6.740308941,8.193359964,2.218207402,1.64271124,-1.980129951,-1.247367393,-1.66853822,-1.401808747,-1.321197904,0.080366318,1.918502327,5.566344901,7.805429077,8.821158072,10.09062617,0.877122038,4.779106928,7.494313751,6.929749852,7.72605269,8.638586281,4.502454556,0.88511456,2.272675518
圣马丁（法属）,Saint Martin (French part),MAF,"Inflation, GDP deflator: linked series (annual %)",NY.GDP.DEFL.KD.ZG.AD,,,,,,,,,,,,,,,,,,,,,,,,,,,,,,,,,,,,,,,,,,,,,,,,,,,,,,,,,,
摩洛哥,Morocco,MAR,"Inflation, GDP deflator: linked series (annual %)",NY.GDP.DEFL.KD.ZG.AD,,,,,,,,,,,,,,,,,,,,,,,,,,,,,,,7.694359622,5.396316179,4.587878329,3.034982455,0.655340244,7.538402934,0.435488562,0.713391653,0.391321279,0.56954637,-0.74228819,0.652317542,1.20854449,1.062605003,1.219221107,1.190540613,1.548030758,3.595054801,4.530497095,0.146912227,0.975621692,-0.690980556,0.36933523,1.307292036,0.195575847,1.708925878,2.201590641,-6.60E-09
摩纳哥,Monaco,MCO,"Inflation, GDP deflator: linked series (annual %)",NY.GDP.DEFL.KD.ZG.AD,,,,,,,,,,,,,,,,,,,,,,,,,,,,,,,2.640561225,2.539816162,2.135883892,1.550029344,1.345661857,1.307913431,1.604579485,1.014052148,0.900918154,0.046249312,1.400615495,1.648901587,2.380165079,1.878678867,1.589786241,2.034249292,2.82070979,2.477888566,-1.624848061,,,,,,,,,
摩尔多瓦,"Moldova, Republic of",MDA,"Inflation, GDP deflator: linked series (annual %)",NY.GDP.DEFL.KD.ZG.AD,,,,,,,,,,,,,,,,,,,,,,,,,,,,,,,,,,,,,27.85289982,12.50182121,5.646234845,44.83097976,27.32850083,12.08800714,9.828641368,14.86563148,7.986655576,9.344524931,13.41946589,15.90683386,9.244336052,2.17013051,11.07095119,7.261624158,7.894475331,4.132604761,6.375424522,9.821705527,5.714210014,6.275456651
马达加斯加,Madagascar,MDG,"Inflation, GDP deflator: linked series (annual %)",NY.GDP.DEFL.KD.ZG.AD,,,,,,,,,,,,,,,,,,,,,,,,,,,,,,,11.45836895,12.88436585,14.41502328,12.08151915,41.65314674,45.12345581,17.83903447,7.293515221,8.436683278,9.714659148,7.233168831,7.267082121,15.2758701,2.764595892,14.30381102,18.31994277,11.46970025,9.603343667,9.092586858,8.36281708,8.794425437,8.229923929,5.490078268,5.086078707,6.626032052,7.551383102,6.680803451,8.280734365
马尔代夫,Maldives,MDV,"Inflation, GDP deflator: linked series (annual %)",NY.GDP.DEFL.KD.ZG.AD,,,,,,,,,,,,,,,,,,,,,,,,,,,,,,,,,,,,,4.656329733,4.10041398,-1.137982956,2.753306612,2.032412452,50.89282754,0.497535216,0.465988093,9.970040098,9.158170549,7.365834659,10.11806838,11.05004369,11.28683318,2.881621549,12.63498685,6.776952582,6.430355698,4.640863141,5.884757922,-0.719007827,0.032873497
中东与北非地区,,MEA,"Inflation, GDP deflator: linked series (annual %)",NY.GDP.DEFL.KD.ZG.AD,,,,,,,,,,,,,,,,,,,,,,,,,,,,,,,,,,,,,,,,,,,,,,,,,,,,,,,,,,
墨西哥,Mexico,MEX,"Inflation, GDP deflator: linked series (annual %)",NY.GDP.DEFL.KD.ZG.AD,,,,,,,,,,,,,,,,,,,,,,,,,,,,,,,28.13057077,23.25058754,14.41095917,9.493974686,8.810504399,38.46465708,26.54551237,18.74486929,15.42968529,16.10281905,11.15220612,6.041490115,5.503365872,4.039455569,7.961710977,5.873921411,6.389222408,5.789061283,6.172509663,3.947666576,4.545148676,5.842871142,4.065933055,1.529727664,4.36758605,2.736064928,5.362774773,6.133853849
马绍尔群岛,Marshall Islands,MHL,"Inflation, GDP deflator: linked series (annual %)",NY.GDP.DEFL.KD.ZG.AD,,,,,,,,,,,,,,,,,,,,,,,,,,,,,,,4.989876957,5.044280169,3.014004287,3.033727898,2.624672691,2.807151408,2.79593743,2.484409201,5.264159734,1.774385002,-2.975265537,-1.484835488,5.560722753,1.552881956,3.382127174,2.0456691,2.873110351,1.064756649,3.029259957,1.54926295,1.540141288,3.773857761,3.324431122,0.153869389,-3.292860555,-1.510430832,6.206966284,0.019512195
中等收入国家,,MIC,"Inflation, GDP deflator: linked series (annual %)",NY.GDP.DEFL.KD.ZG.AD,,,,,,,,,,,,,,,,,,,,,,,,,,,,,,,,,,,,,,,,,,,,,,,,,,,,,,,,,,
马其顿王国,"Macedonia, the Former Yugoslav Republic of",MKD,"Inflation, GDP deflator: linked series (annual %)",NY.GDP.DEFL.KD.ZG.AD,,,,,,,,,,,,,,,,,,,,,,,,,,,,,,,,93.73064688,1271.768698,442.1478935,151.889423,17.09130107,2.86479088,3.929714057,1.391203074,2.738390185,13.78728948,4.718949129,0.943605604,1.652026285,-0.166365165,4.896611654,3.252624178,4.592552569,5.491483705,0.295078605,2.041273885,3.722166017,1.002999473,4.483285382,1.446460968,1.88709447,4.232956056,3.470105956
马里,Mali,MLI,"Inflation, GDP deflator: linked series (annual %)",NY.GDP.DEFL.KD.ZG.AD,,,,,,,,,,,,,,,,,,,,,,,,,,,,,,,7.602112651,-5.816057299,0.738816824,3.235094155,39.56235191,15.8089839,-1.652119196,5.58019783,1.739575029,-3.214919092,-0.61972792,4.678362083,3.512881723,-7.59428427,4.9,7.501726395,5.1,4.555046079,6.751514309,3.565120213,4.183789187,12.15342195,5.507003745,0.701147246,1.550682262,2.786345327,1.53036529,1.542536317
马耳他,Malta,MLT,"Inflation, GDP deflator: linked series (annual %)",NY.GDP.DEFL.KD.ZG.AD,,,,,,,,,,,,,,,,,,,,,,,,,,,,,,,3.151049838,3.350873875,3.554418424,2.854505918,3.561744069,0.781587412,2.102932493,5.588162396,1.377413533,3.147248219,7.330282792,2.701792892,1.296836319,-1.296979242,1.063956017,1.796389776,2.864050771,2.797555553,3.000323778,2.690049278,3.829863487,2.288089968,2.027648341,1.90689679,2.490719123,2.723891159,1.628421333,2.52882974
缅甸,Myanmar,MMR,"Inflation, GDP deflator: linked series (annual %)",NY.GDP.DEFL.KD.ZG.AD,,,,,,,,,,,,,,,,,,,,,,,,,,,,,,,18.53959537,23.74884473,21.7454654,36.24942844,22.08015049,19.60084363,23.03749309,33.79422446,35.82523976,22.64049005,2.461773988,24.84446478,41.508928,20.49653941,3.601128079,19.1635299,21.30049881,23.64390812,13.61865795,4.878599246,7.043211894,10.25457667,3.130096953,4.378070843,4.173538117,4.136625537,3.555517528,10.2499
中东与北非地区（不包括高收入）,,MNA,"Inflation, GDP deflator: linked series (annual %)",NY.GDP.DEFL.KD.ZG.AD,,,,,,,,,,,,,,,,,,,,,,,,,,,,,,,,,,,,,,,,,,,,,,,,,,,,,,,,,,
黑山,Montenegro,MNE,"Inflation, GDP deflator: linked series (annual %)",NY.GDP.DEFL.KD.ZG.AD,,,,,,,,,,,,,,,,,,,,,,,,,,,,,,,,,,,,,,,,,,20.20474838,3.075164768,8.320768659,5.885730039,4.334583352,10.10700911,16.04149389,7.629121997,2.407915024,1.604190061,1.202676628,0.176991385,2.066996728,1.036155558,2.219598627,5.101086103,2.72240441
蒙古,Mongolia,MNG,"Inflation, GDP deflator: linked series (annual %)",NY.GDP.DEFL.KD.ZG.AD,,,,,,,,,,,,,,,,,,,,,,,,,,,,,,,23.24292531,93.31995108,173.6906825,318.8972253,64.31938833,60.27242543,10.8075727,21.67213423,-1.93179699,10.88175698,11.99969139,10.44854466,6.369687351,10.23657453,16.69147301,20.09843877,21.98677158,11.62856765,21.44875375,1.826703689,39.17818796,15.11926549,12.78437885,2.907848339,7.448836598,1.733009104,2.123294672,10.58966574
北马里亚纳群岛,Northern Mariana Islands,MNP,"Inflation, GDP deflator: linked series (annual %)",NY.GDP.DEFL.KD.ZG.AD,,,,,,,,,,,,,,,,,,,,,,,,,,,,,,,,,,,,,,,,,,,,-3.897196262,0.803092406,0.40322367,0.213970193,1.565097469,12.56801352,2.662406816,-0.868486352,-0.615352524,1.907770426,1.675543719,4.120138621,6.399139322,3.509096254,
莫桑比克,Mozambique,MOZ,"Inflation, GDP deflator: linked series (annual %)",NY.GDP.DEFL.KD.ZG.AD,,,,,,,,,,,,,,,,,,,,,,,,,,,,,,,34.05503502,61.05977691,32.53050916,47.94287751,50.85982841,49.80201607,35.18542232,10.62273365,6.013941165,8.567364305,10.90252432,14.62032533,10.95675106,4.916111477,7.493728189,6.197670173,7.904869902,6.713518582,7.982322988,1.0761266,7.644032165,3.332125638,5.854608735,3.917514281,2.633703083,4.381275296,12.26039573,9.772024759
毛里塔尼亚,Mauritania,MRT,"Inflation, GDP deflator: linked series (annual %)",NY.GDP.DEFL.KD.ZG.AD,,,,,,,,,,,,,,,,,,,,,,,,,,,,,,,2.642477548,10.71065598,5.741941641,11.91288483,11.09260134,2.841920073,1.857063697,12.07706339,18.45161325,5.494923622,5.403671673,5.038039653,7.954457959,7.792433336,11.75291007,9.555354003,18.45708426,3.365513974,9.439622077,1.121312586,18.87756591,15.90373791,0.987753375,3.012686366,-7.091515911,-4.86607678,4.099991755,4.199952771
毛里求斯,Mauritius,MUS,"Inflation, GDP deflator: linked series (annual %)",NY.GDP.DEFL.KD.ZG.AD,,,,,,,,,,,,,,,,,,,,,,,,,,,,,,,10.12099643,8.56427903,5.355399193,9.220218113,6.555430336,5.403201521,7.002042734,5.120769333,6.964902553,5.283073536,2.085981243,7.099825067,5.853830854,5.714790146,6.090583879,4.258955826,10.78478706,8.308315297,5.686692794,-0.654200833,1.126418905,3.161463791,2.465523579,2.750881118,1.480636807,1.043157402,2.184898896,1.912740183
马拉维,Malawi,MWI,"Inflation, GDP deflator: linked series (annual %)",NY.GDP.DEFL.KD.ZG.AD,,,,,,,,,,,,,,,,,,,,,,,,,,,,,,,10.66083429,15.5,13.27642115,28.17466666,26.17187901,77.21958346,52.34560851,20.83484034,19.54848477,39.69077832,30.53395149,25.62246729,62.16465536,10.34609429,14.84662752,10.74123602,19.96725933,4.099721432,11.96466714,7.899822531,12.12717946,14.07576137,17.65610124,27.30039651,20.88370338,20.53465854,19.54413214,13.46150517
马来西亚,Malaysia,MYS,"Inflation, GDP deflator: linked series (annual %)",NY.GDP.DEFL.KD.ZG.AD,,,,,,,,,,,,,,,,,,,,,,,,,,,,,,,3.807814974,3.583932107,2.414320741,3.987057502,3.937406348,3.633483945,3.679960809,3.482757421,8.499103061,0.045764881,8.854492994,-1.581873908,3.128614074,3.299202443,6.009506228,8.862356849,3.980757436,4.881499102,10.38875702,-5.992097542,7.26686657,5.412408084,0.999932304,0.174474486,2.467466779,-0.374504588,1.951206348,3.819562194
北美,,NAC,"Inflation, GDP deflator: linked series (annual %)",NY.GDP.DEFL.KD.ZG.AD,,,,,,,,,,,,,,,,,,,,,,,,,,,,,,,,,,,,,,,,,,,,,,,,,,,,,,,,,,
纳米比亚,Namibia,NAM,"Inflation, GDP deflator: linked series (annual %)",NY.GDP.DEFL.KD.ZG.AD,,,,,,,,,,,,,,,,,,,,,,,,,,,,,,,6.425499879,5.999235955,9.707931473,8.654845685,15.67179704,6.583546042,14.95033879,6.940705534,8.331488047,6.699456146,12.33557731,11.25937435,10.72829913,1.006712117,1.903991618,5.52868033,9.272906386,6.909023696,10.90850533,6.962891214,3.564140802,3.80506442,12.88187328,8.796315965,6.25817644,1.98502344,10.00843323,6.821714114
新喀里多尼亚,New Caledonia,NCL,"Inflation, GDP deflator: linked series (annual %)",NY.GDP.DEFL.KD.ZG.AD,,,,,,,,,,,,,,,,,,,,,,,,,,,,,,,-4.635603934,3.630409061,2.841715951,2.715282903,2.891693714,1.331530992,1.422278083,2.058456281,0.206839297,0.098993836,-0.616260194,,,,,,,,,,,,,,,,,
尼日尔,Niger,NER,"Inflation, GDP deflator: linked series (annual %)",NY.GDP.DEFL.KD.ZG.AD,,,,,,,,,,,,,,,,,,,,,,,,,,,,,,,-1.598246641,-5.138194122,1.100128162,-0.142229061,32.71033531,5.422100283,4.732785413,3.097792906,2.999958483,2.002401589,4.515155719,3.984064312,2.997923113,-0.343909244,1.492208578,6.569691274,0.34543443,4.569262949,7.354215922,6.078734857,2.554677393,4.399884858,4.775720984,1.537576651,-0.112732166,1.022213588,0.240416189,-0.109841133
尼日利亚,Nigeria,NGA,"Inflation, GDP deflator: linked series (annual %)",NY.GDP.DEFL.KD.ZG.AD,,,,,,,,,,,,,,,,,,,,,,,,,,,,,,,9.290848918,17.60477288,68.06319181,26.13239975,31.00914299,113.0763905,32.72708646,1.013132276,-5.665685379,17.05013796,35.22953407,-0.322616652,39.89665844,11.14093719,20.72767544,22.02440327,17.33778153,4.770742207,10.83529822,-4.320573326,26.75076167,9.510096311,9.271244669,5.873295631,4.662622997,2.863665134,9.54367007,11.11654486
尼加拉瓜,Nicaragua,NIC,"Inflation, GDP deflator: linked series (annual %)",NY.GDP.DEFL.KD.ZG.AD,,,,,,,,,,,,,,,,,,,,,,,,,,,,,,,7410,2931.691079,23.66639533,20.38945263,7.779256675,13.39268393,9.606812945,9.777993142,14.02848777,9.226232606,8.566228462,7.2415093,3.248378678,5.331077156,9.050902456,9.867094183,8.229617338,9.673913517,16.19915216,6.036303105,6.13808679,10.21482765,6.243359191,4.349158014,8.392741466,6.384276786,4.891522297,4.911494311
荷兰,Netherlands,NLD,"Inflation, GDP deflator: linked series (annual %)",NY.GDP.DEFL.KD.ZG.AD,,,,,,,,,,,,,,,,,,,,,,,,,,,,,,,1.559751591,3.117049632,2.495740434,1.597508775,2.062733594,2.064623544,1.192776261,2.625237264,2.0546455,1.431847848,3.616606015,4.177857797,3.627695473,2.170980328,1.350007739,1.933833773,2.550428742,2.105441908,2.479236822,0.399621508,0.847969184,0.141896333,1.419671674,1.368458976,0.149996599,0.805313303,0.584057801,1.146152349
挪威,Norway,NOR,"Inflation, GDP deflator: linked series (annual %)",NY.GDP.DEFL.KD.ZG.AD,,,,,,,,,,,,,,,,,,,,,,,,,,,,,,,3.811429996,2.211703307,-0.639706393,2.292672005,-0.155940385,3.061480971,4.26149734,2.785655304,-0.690261356,6.665233347,15.43445264,1.640624456,-1.694822584,2.863123516,5.835060635,8.759464887,8.776138807,3.050078613,10.43366077,-5.205030128,5.952797621,6.751051008,3.357179176,2.544523795,0.329806193,-2.821783906,-1.114069969,3.845490451
尼泊尔,Nepal,NPL,"Inflation, GDP deflator: linked series (annual %)",NY.GDP.DEFL.KD.ZG.AD,,,,,,,,,,,,,,,,,,,,,,,,,,,,,,,10.71588515,12.5446382,18.48909464,10.77490928,4.815986185,6.30086156,7.823035562,7.279092987,4.10785067,8.887047436,4.472433713,3.412486587,3.934622497,3.070304961,4.166427157,6.11939041,7.360039271,7.603288945,5.619854525,15.90833021,15.14693245,10.81116622,6.634964136,6.577240256,9.352201205,4.942814458,5.07174288,7.585506745
瑙魯,Nauru,NRU,"Inflation, GDP deflator: linked series (annual %)",NY.GDP.DEFL.KD.ZG.AD,,,,,,,,,,,,,,,,,,,,,,,,,,,,,,,,,,,,,,,,,,,,,,,,,25.40761103,26.15151532,-18.1741375,18.08566892,24.08036441,-21.65334225,-11.83032612,-8.309033327,5.695259857,3.407043974
新西兰,New Zealand,NZL,"Inflation, GDP deflator: linked series (annual %)",NY.GDP.DEFL.KD.ZG.AD,,,,,,,,,,,,,,,,,,,,,,,,,,,,,,,1.393960344,1.428371208,1.768249741,1.240887826,1.655571159,1.866247364,1.643238483,0.64477041,0.84541978,0.759671743,3.468006655,3.47536847,-0.03297374,2.252653186,3.572631266,2.033573612,2.982653371,4.626317683,3.076107997,0.517886024,3.729349398,2.069149507,-0.502711711,4.860886966,0.55865423,0.681656929,3.175180996,3.415912885
经合组织成员,,OED,"Inflation, GDP deflator: linked series (annual %)",NY.GDP.DEFL.KD.ZG.AD,,,,,,,,,,,,,,,,,,,,,,,,,,,,,,,,,,,,,,,,,,,,,,,,,,,,,,,,,,
阿曼,Oman,OMN,"Inflation, GDP deflator: linked series (annual %)",NY.GDP.DEFL.KD.ZG.AD,,,,,,,,,,,,,,,,,,,,,,,,,,,,,,,24.84092438,-8.498092243,1.273075738,-5.389372685,-0.450454921,1.756166303,7.415750176,-2.235233975,-13.35240113,11.6745709,17.80754647,-4.561944318,4.70346441,10.34742972,13.0068959,22.46468735,13.63044511,8.26366459,33.75153878,-25.12813286,15.63532972,17.14952014,3.246226654,-1.378828774,-0.041661991,-18.85780328,-7.974364515,9.003928634
其他小国,,OSS,"Inflation, GDP deflator: linked series (annual %)",NY.GDP.DEFL.KD.ZG.AD,,,,,,,,,,,,,,,,,,,,,,,,,,,,,,,,,,,,,,,,,,,,,,,,,,,,,,,,,,
巴基斯坦,Pakistan,PAK,"Inflation, GDP deflator: linked series (annual %)",NY.GDP.DEFL.KD.ZG.AD,,,,,,,,,,,,,,,,,,,,,,,,,,,,,,,6.45199797,13.06139591,10.0570845,8.696474174,12.88933256,13.87464364,8.373609998,13.38351463,7.526036899,5.862286179,3.721049547,7.891155227,2.463092886,4.43839749,7.749247241,7.026466698,10.46028021,7.274319326,13.20400982,20.66651581,10.85023582,19.64465505,5.968574381,6.965943079,7.411553241,4.11024678,0.40023745,4.00052159
巴拿马,Panama,PAN,"Inflation, GDP deflator: linked series (annual %)",NY.GDP.DEFL.KD.ZG.AD,,,,,,,,,,,,,,,,,,,,,,,,,,,,,,,0.565205375,0.492796361,5.061059122,3.5547055,3.679745339,0.466707205,-0.942383915,1.608839068,0.997518499,0.842387057,-1.248181569,1.028214164,1.671335649,1.131364395,1.965004185,1.748321818,1.969984645,4.824939874,7.527495301,6.470959912,2.590153902,5.844098985,6.175733869,5.504802756,4.197619849,3.056172441,1.395177086,1.510338325
秘鲁,Peru,PER,"Inflation, GDP deflator: linked series (annual %)",NY.GDP.DEFL.KD.ZG.AD,,,,,,,,,,,,,,,,,,,,,,,,,,,,,,,6261.239559,382.6433865,68.45246607,47.04786866,25.51341929,13.57879788,9.687741961,7.283131129,5.371090357,2.934545412,3.524720039,0.455248303,0.109017024,1.803724665,6.279038577,3.5037224,7.656248079,1.490675955,1.103276292,2.063698334,5.710728594,6.745787125,1.20258494,1.078429085,2.565682972,2.608112339,2.879499695,3.939754649
菲律宾,Philippines,PHL,"Inflation, GDP deflator: linked series (annual %)",NY.GDP.DEFL.KD.ZG.AD,,,,,,,,,,,,,,,,,,,,,,,,,,,,,,,12.97128127,16.5268799,7.932658329,6.832158129,9.991314597,7.55087024,7.661037838,6.224392021,10.45747938,6.585056799,5.70979596,5.549479799,4.162227452,3.201327923,5.516886582,5.828009688,4.949024106,3.090330987,7.549062088,2.773245215,4.222387172,4.021723001,1.968384194,2.045467544,3.157437519,-0.586573664,1.699096194,2.32070851
帕劳,Palau,PLW,"Inflation, GDP deflator: linked series (annual %)",NY.GDP.DEFL.KD.ZG.AD,,,,,,,,,,,,,,,,,,,,,,,,,,,,,,,,,,,,,,,,,,1.69492892,1.199620391,-3.259495862,1.626480636,6.038083359,4.610918878,2.203957585,8.915282336,-1.950709061,1.019099174,-0.631237517,6.835031842,6.589078333,6.144466692,8.366621152,3.220572655,0.036501969
巴布亚新几内亚,Papua New Guinea,PNG,"Inflation, GDP deflator: linked series (annual %)",NY.GDP.DEFL.KD.ZG.AD,,,,,,,,,,,,,,,,,,,,,,,,,,,,,,,4.138231585,6.994854893,2.875981287,-2.495802465,7.253088482,15.85133079,1.811878125,8.426361582,14.54385401,11.06889421,13.10241804,6.913914006,12.29043148,5.539337447,-1.992371902,12.18237926,9.43007017,3.847279925,7.762575241,-4.883344935,9.92160534,4.38460699,-0.565118622,3.58049099,3.04960076,-4.403222411,7.11107489,5.51373687
波兰,Poland,POL,"Inflation, GDP deflator: linked series (annual %)",NY.GDP.DEFL.KD.ZG.AD,,,,,,,,,,,,,,,,,,,,,,,,,,,,,,,,55.25599481,38.62546694,30.64279638,37.23403482,27.97830991,17.96235355,13.66176044,11.02727002,6.162528147,6.114610233,3.122872198,1.849229617,0.76653226,4.912219158,2.569020151,1.725723249,3.713352033,3.876519791,3.771233789,1.659660926,3.22912192,2.349719332,0.28994277,0.495281187,0.756199227,0.416249587,2.010425084
預人口紅利,,PRE,"Inflation, GDP deflator: linked series (annual %)",NY.GDP.DEFL.KD.ZG.AD,,,,,,,,,,,,,,,,,,,,,,,,,,,,,,,,,,,,,,,,,,,,,,,,,,,,,,,,,,
波多黎各,Puerto Rico,PRI,"Inflation, GDP deflator: linked series (annual %)",NY.GDP.DEFL.KD.ZG.AD,,,,,,,,,,,,,,,,,,,,,,,,,,,,,,,11.85123862,3.123297482,2.576380334,1.886390805,3.178264544,2.774182438,3.911552776,1.332250231,6.360142576,1.472777764,3.295071907,5.504911024,2.549778243,4.417472884,-1.29217805,6.590294888,5.493051524,3.781988323,6.562023084,4.982579036,2.494024845,2.369829043,1.179258396,1.182015196,1.200554859,1.813924334,4.558287985,
朝鲜民主主义人民共和国,Korea DPR,PRK,"Inflation, GDP deflator: linked series (annual %)",NY.GDP.DEFL.KD.ZG.AD,,,,,,,,,,,,,,,,,,,,,,,,,,,,,,,,,,,,,,,,,,,,,,,,,,,,,,,,,,
葡萄牙,Portugal,PRT,"Inflation, GDP deflator: linked series (annual %)",NY.GDP.DEFL.KD.ZG.AD,,,,,,,,,,,,,,,,,,,,,,,,,,,,,,,13.14465051,10.08618656,11.44603161,7.376430031,7.277627077,3.428617561,2.388159706,3.886559465,3.844415072,3.390259023,3.459612712,3.714585119,4.208067392,3.439044126,2.396076172,3.329841168,3.185394264,2.979066369,1.737715926,1.096323554,0.64347606,-0.26957346,-0.397566921,2.267048122,0.750277743,2.029356949,1.517649335,1.36882027
巴拉圭,Paraguay,PRY,"Inflation, GDP deflator: linked series (annual %)",NY.GDP.DEFL.KD.ZG.AD,,,,,,,,,,,,,,,,,,,,,,,,,,,,,,,38.45049556,27.68833794,14.08292064,12.22003496,12.57337044,11.07642538,11.42144501,3.410992763,13.29685246,7.86049406,11.74339309,11.03305764,14.94457121,12.21097303,8.98596534,10.07531443,6.082684577,9.766073183,9.335706302,2.043143679,6.100263759,6.205060336,4.747344721,0.84119035,5.139030954,0.087257732,5.279240562,5.541297547
约旦河西岸和加沙,"Palestinian Territory, Occupied",PSE,"Inflation, GDP deflator: linked series (annual %)",NY.GDP.DEFL.KD.ZG.AD,,,,,,,,,,,,,,,,,,,,,,,,,,,,,,,,,,,,7.784722617,2.61562108,-3.833899339,-5.3722144,-3.029341045,10.44234504,2.344690282,1.487861835,-2.125615544,-1.123991935,0.73175308,5.745209987,5.19890365,14.26220884,0.228993917,13.44356767,4.449907631,1.405452989,8.209264065,2.106209477,-3.638982787,1.175610602,4.699842485
太平洋岛国,,PSS,"Inflation, GDP deflator: linked series (annual %)",NY.GDP.DEFL.KD.ZG.AD,,,,,,,,,,,,,,,,,,,,,,,,,,,,,,,,,,,,,,,,,,,,,,,,,,,,,,,,,,
人口紅利之後,,PST,"Inflation, GDP deflator: linked series (annual %)",NY.GDP.DEFL.KD.ZG.AD,,,,,,,,,,,,,,,,,,,,,,,,,,,,,,,,,,,,,,,,,,,,,,,,,,,,,,,,,,
法属波利尼西亚,French Polynesia,PYF,"Inflation, GDP deflator: linked series (annual %)",NY.GDP.DEFL.KD.ZG.AD,,,,,,,,,,,,,,,,,,,,,,,,,,,,,,,0.764363964,1.450174746,1.271569884,2.002843503,0.867323438,1.14156403,1.468337984,0.984044232,0.725914379,0.93059325,0.961534051,,,,,,,,,,,,,,,,,
卡塔尔,Qatar,QAT,"Inflation, GDP deflator: linked series (annual %)",NY.GDP.DEFL.KD.ZG.AD,,,,,,,,,,,,,,,,,,,,,,,,,,,,,,,,,,,,,,,,,,-4.95194093,3.009005116,17.17646778,13.10678486,30.54269978,8.361613531,10.96986062,22.89956467,-24.21810088,6.979329894,18.27017565,6.373389929,1.87332555,-0.198497376,-22.90181151,-9.417458816,8.212507658
罗马尼亚,Romania,ROU,"Inflation, GDP deflator: linked series (annual %)",NY.GDP.DEFL.KD.ZG.AD,,,,,,,,,,,,,,,,,,,,,,,,,,,,,,,,195.0039787,199.8588956,227.3087358,139.0230706,43.5825555,44.14058934,135.4335617,48.12563408,49.50671704,43.06970258,37.87800192,22.63229059,23.40680218,15.49525906,12.10367457,10.54989769,15.68331784,15.85611079,3.969623029,3.533778249,4.013651948,4.629970806,3.4170912,1.685896022,2.585908381,2.051854148,5.277864192
俄罗斯联邦,Russian Federation,RUS,"Inflation, GDP deflator: linked series (annual %)",NY.GDP.DEFL.KD.ZG.AD,,,,,,,,,,,,,,,,,,,,,,,,,,,,,,,15.90291126,128.6297717,1490.418425,887.8407362,307.2980569,144.0030922,45.8018959,15.05915883,18.53868702,72.38677771,37.69809557,16.48952798,15.49295344,13.78006147,20.28207693,19.30609484,15.17004711,13.8043754,17.95962041,1.993795545,14.18699167,23.64165341,9.085931138,5.409338478,7.500055914,8.351760884,3.544391218,5.209266621
卢旺达,Rwanda,RWA,"Inflation, GDP deflator: linked series (annual %)",NY.GDP.DEFL.KD.ZG.AD,,,,,,,,,,,,,,,,,,,,,,,,,,,,,,,13.46146891,14.97893643,7.283283168,13.87050258,17.19130291,51.26658305,10.92141576,15.62150244,2.228200646,-3.5161,2.781589331,1.146455351,-5.036111493,21.79170407,13.1006218,9.134746697,10.57956377,11.75586967,14.28769059,8.249338295,2.606565099,8.350307199,5.259905331,4.514393371,3.050515257,0.285735939,5.495377151,7.315167554
南亚,,SAS,"Inflation, GDP deflator: linked series (annual %)",NY.GDP.DEFL.KD.ZG.AD,,,,,,,,,,,,,,,,,,,,,,,,,,,,,,,,,,,,,,,,,,,,,,,,,,,,,,,,,,
沙特阿拉伯,Saudi Arabia,SAU,"Inflation, GDP deflator: linked series (annual %)",NY.GDP.DEFL.KD.ZG.AD,,,,,,,,,,,,,,,,,,,,,,,,,,,,,,,7.101596805,-2.262508341,-0.296625785,-1.664308903,1.094949959,5.818222091,7.842928277,3.4597245,-13.93374357,14.48832901,10.94798496,-1.646677592,5.956874285,2.316558662,11.05642815,20.14963959,11.57239183,8.435381004,17.6898312,-15.71323043,17.19129187,15.52939056,4.015515357,-1.216334595,-2.269998044,-16.90852542,-3.046430987,6.815899824
苏丹,Sudan,SDN,"Inflation, GDP deflator: linked series (annual %)",NY.GDP.DEFL.KD.ZG.AD,,,,,,,,,,,,,,,,,,,,,,,,,,,,,,,66.23558835,88.77284578,109.2336552,97.48734825,159.2669752,104.5550287,32.56225389,47.58344731,17.66227094,15.82357794,9.853136581,1.607103162,7.388972499,9.670060748,15.67380935,8.624863759,9.376786713,6.669433968,14.24958389,3.95947682,19.58075277,21.00158028,34.87620384,34.90340025,33.89517414,17.90375845,-2.745336227,32.8613567
塞内加尔,Senegal,SEN,"Inflation, GDP deflator: linked series (annual %)",NY.GDP.DEFL.KD.ZG.AD,,,,,,,,,,,,,,,,,,,,,,,,,,,,,,,-0.017871227,-0.724203063,-0.929277271,-0.129641236,33.89108165,7.367892996,4.316613258,2.050687686,2.755980193,0.341687045,1.947818067,2.613853305,3.299822385,0.512544955,0.530220227,2.483107312,3.99199613,5.317948302,6.901070542,-1.731688073,1.849308274,4.117727488,2.487623871,-2.319833795,-1.034815166,0.31434269,1.113505432,2.506621513
新加坡,Singapore,SGP,"Inflation, GDP deflator: linked series (annual %)",NY.GDP.DEFL.KD.ZG.AD,,,,,,,,,,,,,,,,,,,,,,,,,,,,,,,4.65075058,4.433430735,0.996002493,3.402313941,3.673480078,3.289435484,1.47140698,1.03542689,-1.357338099,-3.89883805,3.739203092,-2.242820051,-1.248747125,-1.707640296,4.249903057,2.226168803,1.719984376,5.860993948,-1.491610084,3.521018895,-0.045987608,1.247837141,0.54530847,-0.224575002,-0.254750615,3.586557489,-0.036467124,0.870398042
所罗门群岛,Solomon Islands,SLB,"Inflation, GDP deflator: linked series (annual %)",NY.GDP.DEFL.KD.ZG.AD,,,,,,,,,,,,,,,,,,,,,,,,,,,,,,,,7.246974478,13.16552234,13.58799041,6.947359288,6.844093418,12.15270978,6.25788744,5.605829429,3.319245209,10.70227182,3.735265319,12.23395248,1.702844061,7.166980195,5.300840984,4.262975323,5.880056473,11.44052725,7.234118984,6.8111627,14.62266467,5.007259757,2.339912288,2.494032738,3.080218766,3.62935838,1.639432196
塞拉利昂,Sierra Leone,SLE,"Inflation, GDP deflator: linked series (annual %)",NY.GDP.DEFL.KD.ZG.AD,,,,,,,,,,,,,,,,,,,,,,,,,,,,,,,70.59154925,128.7616683,82.02357923,26.73632213,25.06204274,33.59798913,29.58048516,2.252769698,23.77512107,17.19385039,3.281143083,73.83710846,-3.91621657,13.14347066,12.81586032,16.62996047,12.32894219,6.796332103,9.993714381,7.781761919,17.17711734,17.37417937,12.04107803,6.925152931,1.797312491,18.86476336,1.775622471,14.67784291
萨尔瓦多,El Salvador,SLV,"Inflation, GDP deflator: linked series (annual %)",NY.GDP.DEFL.KD.ZG.AD,,,,,,,,,,,,,,,,,,,,,,,,,,,,,,,45.08523758,7.420111297,3.423708368,8.592340394,9.806516804,10.92810396,6.575144495,3.386846165,4.228169436,0.995604909,3.274520865,3.315981844,1.502694686,2.968877057,2.716266799,4.267723845,4.326762659,4.38208669,3.529815593,-0.059802201,2.646170505,5.914330276,2.548928635,0.380404513,0.77390267,0.186749049,0.624392836,1.380712237
圣马力诺,San Marino,SMR,"Inflation, GDP deflator: linked series (annual %)",NY.GDP.DEFL.KD.ZG.AD,,,,,,,,,,,,,,,,,,,,,,,,,,,,,,,,,,,,,,,1.799810708,1.535165936,2.553130452,2.741092805,2.348982545,2.480035737,1.952342068,1.744186047,1.973117827,1.738609113,1.677489177,3.844610083,-0.419904652,1.05690496,2.529741549,3.421945718,-0.115341649,1.233950482,0.652949431,1.114573707
索马里,Somalia,SOM,"Inflation, GDP deflator: linked series (annual %)",NY.GDP.DEFL.KD.ZG.AD,,,,,,,,,,,,,,,,,,,,,,,,,,,,,,,215.4668007,,,,,,,,,,,,,,,,,,,,,,,,,,,
塞尔维亚,Serbia,SRB,"Inflation, GDP deflator: linked series (annual %)",NY.GDP.DEFL.KD.ZG.AD,,,,,,,,,,,,,,,,,,,,,,,,,,,,,,,,,,,,,85.22600518,18.40589618,25.41362798,33.23648322,78.57853256,89.24464933,18.04328096,12.58947302,9.08699404,14.32937144,11.86184897,8.21798824,10.61710715,8.298036096,5.879330944,9.561040219,6.263582369,5.439829408,2.708110004,2.675999693,2.534554856,2.835715452
撒哈拉以南非洲地区（不包括高收入）,,SSA,"Inflation, GDP deflator: linked series (annual %)",NY.GDP.DEFL.KD.ZG.AD,,,,,,,,,,,,,,,,,,,,,,,,,,,,,,,,,,,,,,,,,,,,,,,,,,,,,,,,,,
南苏丹,South Sudan,SSD,"Inflation, GDP deflator: linked series (annual %)",NY.GDP.DEFL.KD.ZG.AD,,,,,,,,,,,,,,,,,,,,,,,,,,,,,,,40.94626236,62.9094696,60.14968109,164.6250916,104.5008545,112.4840469,151.6,,,,,,,,,,,,,,,,35.32066055,2.537610149,-1.801579136,0.303421242,273.3520346,
撒哈拉以南非洲地区,,SSF,"Inflation, GDP deflator: linked series (annual %)",NY.GDP.DEFL.KD.ZG.AD,,,,,,,,,,,,,,,,,,,,,,,,,,,,,,,,,,,,,,,,,,,,,,,,,,,,,,,,,,
小国,,SST,"Inflation, GDP deflator: linked series (annual %)",NY.GDP.DEFL.KD.ZG.AD,,,,,,,,,,,,,,,,,,,,,,,,,,,,,,,,,,,,,,,,,,,,,,,,,,,,,,,,,,
圣多美和普林西比,Sao Tome and Principe,STP,"Inflation, GDP deflator: linked series (annual %)",NY.GDP.DEFL.KD.ZG.AD,,,,,,,,,,,,,,,,,,,,,,,,,,,,,,,,,,,,,,,,,,,11.93739941,15.45750987,11.57334246,19.24475813,15.11909375,14.23375672,30.46004976,7.570213574,12.47832258,7.778964177,13.60900283,10.72057272,8.205883536,4.188649065,8.051077105,4.722838133
苏里南,Suriname,SUR,"Inflation, GDP deflator: linked series (annual %)",NY.GDP.DEFL.KD.ZG.AD,,,,,,,,,,,,,,,,,,,,,,,,,,,,,,,43.84969966,33.33333333,35.65133501,144.9438202,439.0234757,239.7318008,1.263110409,1.899814675,17.52749084,72.63018618,54.75959456,35.17310837,30.28140673,23.07131208,12.32105442,15.48524793,12.94895554,6.425201221,15.52114354,6.483624612,7.196554181,13.84444672,10.73520027,0.38376658,1.583687044,-2.100253687,30.53789359,21.78381804
斯洛伐克共和国,Slovakia,SVK,"Inflation, GDP deflator: linked series (annual %)",NY.GDP.DEFL.KD.ZG.AD,,,,,,,,,,,,,,,,,,,,,,,,,,,,,,,,,,15.57790973,13.44848642,9.891072327,4.451447047,4.862724544,4.99674703,7.28403413,9.37318212,5.088279816,3.952387613,5.354755649,5.781766849,2.440917804,2.919035181,1.129145221,2.834598454,-1.164869253,0.485295447,1.647678658,1.261755496,0.518528057,-0.160089648,-0.152881088,-0.448412082,1.277337121
斯洛文尼亚,Slovenia,SVN,"Inflation, GDP deflator: linked series (annual %)",NY.GDP.DEFL.KD.ZG.AD,,,,,,,,,,,,,,,,,,,,,,,,,,,,,,,,,,,,,11.38758481,8.428521761,7.392850016,6.590137292,5.447243694,8.670873463,7.580209569,5.654302173,3.316085168,1.550230144,2.18824648,4.16865333,4.51224703,3.355540741,-0.987114141,1.119435872,0.458813835,1.602324383,0.793274625,0.96729871,0.895670078,1.976204636
瑞典,Sweden,SWE,"Inflation, GDP deflator: linked series (annual %)",NY.GDP.DEFL.KD.ZG.AD,,,,,,,,,,,,,,,,,,,,,,,,,,,,,,,9.47382069,8.246788902,1.015341203,2.212271112,2.557735226,3.798432968,1.039307752,1.569263408,0.780478869,0.935030756,1.558786239,2.504877591,1.595564606,1.758120647,0.429237637,0.803683346,1.821122617,2.884908744,3.321822446,2.383135937,0.990935406,1.184244424,1.061201134,1.055426943,1.777369788,2.065616965,1.593251406,2.08727487
斯威士兰,Swaziland,SWZ,"Inflation, GDP deflator: linked series (annual %)",NY.GDP.DEFL.KD.ZG.AD,,,,,,,,,,,,,,,,,,,,,,,,,,,,,,,12.57668712,8.777750478,11.18825014,17.38975949,10.97042674,16.64938065,7.682365133,11.34484118,7.405277993,5.370059047,25.34294172,8.942619357,8.914928257,6.005495677,3.871287845,6.556823116,4.041161947,5.014297891,10.42557609,9.7699243,3.197175459,5.340945135,8.048518667,4.478682454,5.83946656,7.554897974,5.258830205,5.297061991
圣马丁(荷属),Sint Maarten (Dutch part),SXM,"Inflation, GDP deflator: linked series (annual %)",NY.GDP.DEFL.KD.ZG.AD,,,,,,,,,,,,,,,,,,,,,,,,,,,,,,,,,,,,,,,,,,,,,,,,,,,,,,,,,,
塞舌尔,Seychelles,SYC,"Inflation, GDP deflator: linked series (annual %)",NY.GDP.DEFL.KD.ZG.AD,,,,,,,,,,,,,,,,,,,,,,,,,,,,,,,6.826715088,-2.043154983,4.679560793,4.102016923,0.96112178,-0.778737947,-1.532389137,1.083755946,4.365853704,2.056631486,3.983727231,6.156758865,3.613165237,5.946831619,24.67412016,0.458645157,1.442344622,11.79983858,34.96512789,27.49417926,-4.212723766,4.496235805,8.658590976,4.036639664,2.289924905,2.089709382,-0.791120385,2.363911678
阿拉伯叙利亚共和国,Syrian Arab Republic,SYR,"Inflation, GDP deflator: linked series (annual %)",NY.GDP.DEFL.KD.ZG.AD,,,,,,,,,,,,,,,,,,,,,,,,,,,,,,,19.33487015,7.61051704,5.118985815,5.853081549,13.62347232,6.684041319,15.89656666,6.01124062,-0.299401035,7.442427529,9.70098597,4.563571534,-1.305178723,0.597453516,10.32933844,11.96643161,7.789747358,11.96717248,,,,,,,,,,
特克斯科斯群岛,Turks and Caicos Islands,TCA,"Inflation, GDP deflator: linked series (annual %)",NY.GDP.DEFL.KD.ZG.AD,,,,,,,,,,,,,,,,,,,,,,,,,,,,,,,,,,,,,,,,,,,,,,,,,,,,,,,,,,
乍得,Chad,TCD,"Inflation, GDP deflator: linked series (annual %)",NY.GDP.DEFL.KD.ZG.AD,,,,,,,,,,,,,,,,,,,,,,,,,,,,,,,8.012329035,3.073498966,-12.90655383,-1.314603719,43.54496377,8.833127266,11.45845495,3.782785465,6.749408829,-7.572866285,5.28980486,13.79765275,1.90781944,0.079004692,9.73425648,23.00123001,9.98442792,3.301934263,8.64881979,-9.558754478,6.391195051,8.580398958,1.097245712,-4.141367404,0.645785332,-8.147211923,-8.367524777,7.264986197
东亚与太平洋地区 (IBRD与IDA),,TEA,"Inflation, GDP deflator: linked series (annual %)",NY.GDP.DEFL.KD.ZG.AD,,,,,,,,,,,,,,,,,,,,,,,,,,,,,,,,,,,,,,,,,,,,,,,,,,,,,,,,,,
欧洲与中亚地区 (IBRD与IDA),,TEC,"Inflation, GDP deflator: linked series (annual %)",NY.GDP.DEFL.KD.ZG.AD,,,,,,,,,,,,,,,,,,,,,,,,,,,,,,,,,,,,,,,,,,,,,,,,,,,,,,,,,,
多哥,Togo,TGO,"Inflation, GDP deflator: linked series (annual %)",NY.GDP.DEFL.KD.ZG.AD,,,,,,,,,,,,,,,,,,,,,,,,,,,,,,,2.975944444,2.671092821,3.245434615,-8.196773512,35.84238136,11.08421036,5.38792781,2.036034535,9.556632468,1.115127212,-4.291831249,7.740182107,6.216923111,-9.823833183,3.016469429,7.752503485,-0.780528252,2.648307689,14.58089217,1.855274616,1.17724555,7.529588068,6.256983478,-1.763642804,3.835922328,3.508914425,2.128280093,1.967629727
泰国,Thailand,THA,"Inflation, GDP deflator: linked series (annual %)",NY.GDP.DEFL.KD.ZG.AD,,,,,,,,,,,,,,,,,,,,,,,,,,,,,,,5.773182162,5.746523781,4.490454131,6.49193758,4.672462704,5.740163115,4.097863615,4.420918563,8.063747806,-2.577170263,1.330799542,1.917705917,1.690379425,2.149450259,3.569164222,5.09149661,5.104272436,2.473328762,5.133775321,0.194743196,4.080971805,3.743108006,1.90922873,1.778924981,1.441465993,0.859346507,2.36083091,2.313758962
塔吉克斯坦,Tajikistan,TJK,"Inflation, GDP deflator: linked series (annual %)",NY.GDP.DEFL.KD.ZG.AD,,,,,,,,,,,,,,,,,,,,,,,,,,,,,,,6.289912999,99.63351109,574.0145112,1207.211049,221.0477106,346.0003233,430.5528129,65.23067691,87.82764577,26.50724037,22.66785362,30.20816754,18.81846303,26.99111083,17.51852165,9.515730365,21.06351317,27.23701089,28.16376241,12.2342484,12.4616664,13.32435685,11.8685159,4.346978607,5.463743003,0.124298967,5.275840209,4.722523248
土库曼斯坦,Turkmenistan,TKM,"Inflation, GDP deflator: linked series (annual %)",NY.GDP.DEFL.KD.ZG.AD,,,,,,,,,,,,,,,,,,,,,,,,,,,,,,,-20.86035613,102.7586207,3100,1133.990146,952.3071497,705.7184826,1174.288363,61.74708795,17.62950858,23.01143779,9.796089973,14.64450583,8.354895335,12.13559941,6.028698128,7.026790843,12.26004963,9.259523132,59.74038555,9.761016135,2.306088153,12.85745437,8.270084082,1.152445833,0.669180967,-5.153524876,-4.837870205,9.92393885
拉丁美洲与加勒比海地区 (IBRD与IDA),,TLA,"Inflation, GDP deflator: linked series (annual %)",NY.GDP.DEFL.KD.ZG.AD,,,,,,,,,,,,,,,,,,,,,,,,,,,,,,,,,,,,,,,,,,,,,,,,,,,,,,,,,,
东帝汶,Timor-Leste,TLS,"Inflation, GDP deflator: linked series (annual %)",NY.GDP.DEFL.KD.ZG.AD,,,,,,,,,,,,,,,,,,,,,,,,,,,,,,,,,,,,,,,,,,7.851355717,5.932331477,7.659692836,20.96615755,23.77706455,3.434578338,3.05930118,38.56002482,-22.440637,26.45299565,27.06156611,11.85439001,-4.839543575,-3.175530516,-36.51588898,-19.457217,27.39130435
中东与北非地区 (IBRD与IDA),,TMN,"Inflation, GDP deflator: linked series (annual %)",NY.GDP.DEFL.KD.ZG.AD,,,,,,,,,,,,,,,,,,,,,,,,,,,,,,,,,,,,,,,,,,,,,,,,,,,,,,,,,,
汤加,Tonga,TON,"Inflation, GDP deflator: linked series (annual %)",NY.GDP.DEFL.KD.ZG.AD,,,,,,,,,,,,,,,,,,,,,,,,,,,,,,,12.24774729,9.4613107,7.447493973,0.065778416,27.17230584,-2.978237865,5.073623077,-0.774039446,2.242634827,6.44461033,3.079008535,3.227608412,8.57821145,9.331582661,5.884896773,6.620429241,17.22945727,6.14865649,7.192255785,-2.342333004,3.68137664,5.794864599,2.39161018,0.745671769,0.865682935,1.406846744,1.692737942,3.096112659
南亚 (IBRD与IDA),,TSA,"Inflation, GDP deflator: linked series (annual %)",NY.GDP.DEFL.KD.ZG.AD,,,,,,,,,,,,,,,,,,,,,,,,,,,,,,,,,,,,,,,,,,,,,,,,,,,,,,,,,,
撒哈拉以南非洲地区 (IBRD与IDA),,TSS,"Inflation, GDP deflator: linked series (annual %)",NY.GDP.DEFL.KD.ZG.AD,,,,,,,,,,,,,,,,,,,,,,,,,,,,,,,,,,,,,,,,,,,,,,,,,,,,,,,,,,
特立尼达和多巴哥,Trinidad and Tobago,TTO,"Inflation, GDP deflator: linked series (annual %)",NY.GDP.DEFL.KD.ZG.AD,,,,,,,,,,,,,,,,,,,,,,,,,,,,,,,15.48974196,1.998098594,4.196536799,9.67785463,13.26920206,3.325997568,1.849543282,-3.543567738,-1.85648389,4.303181823,12.04315316,2.793947537,-5.192534876,10.47814932,8.884686538,13.32136691,1.72921342,12.75187154,23.79409634,-27.63265249,12.73322069,15.72970328,-0.225286569,2.929651746,2.062955689,-12.06235378,1.633812084,3.038752131
突尼斯,Tunisia,TUN,"Inflation, GDP deflator: linked series (annual %)",NY.GDP.DEFL.KD.ZG.AD,,,,,,,,,,,,,,,,,,,,,,,,,,,,,,,4.476504478,7.036802091,5.691544885,4.691343344,4.526057597,5.351095408,4.356595375,3.952078147,3.271675884,3.361418922,3.283339935,3.914345953,2.285095877,2.684410313,3.35158033,4.175577641,3.837136236,2.10726389,6.346361747,3.033112117,3.815414505,4.279310702,4.896366622,3.822519535,4.41096517,3.590457333,5.556234844,5.732048654
土耳其,Turkey,TUR,"Inflation, GDP deflator: linked series (annual %)",NY.GDP.DEFL.KD.ZG.AD,,,,,,,,,,,,,,,,,,,,,,,,,,,,,,,58.24439811,59.16410689,65.19943828,68.37942836,104.7491372,86.00754244,77.22351222,81.45486258,75.67935944,54.29047331,49.34068172,52.92365688,37.57442908,23.32004368,12.44688837,7.104863112,9.371704044,6.216641784,12.03733641,5.40180338,7.012657721,8.188568494,7.418217912,6.268813913,7.421677746,7.826941985,8.098262201,10.80867496
图瓦卢,Tuvalu,TUV,"Inflation, GDP deflator: linked series (annual %)",NY.GDP.DEFL.KD.ZG.AD,,,,,,,,,,,,,,,,,,,,,,,,,,,,,,,,2.646490842,7.344814189,2.546285375,-4.663738178,5.147897714,12.69288536,-1.304988744,2.740293748,6.121393537,12.82618908,5.913662562,3.316122729,2.253196177,5.599649283,1.497445634,4.125299555,-0.131464841,3.523465518,0.689026273,2.643296858,0.615432173,0.808386614,2.111649935,5.065401523,4.630682931,1,1.4
坦桑尼亚,"Tanzania, United Republic of",TZA,"Inflation, GDP deflator: linked series (annual %)",NY.GDP.DEFL.KD.ZG.AD,,,,,,,,,,,,,,,,,,,,,,,,,,,,,,,22.44918568,28.11260436,25.37548112,24.46198633,31.16995427,26.86195135,19.31365584,20.58723215,14.22211363,11.54,7.572064645,5.305545708,7.099235381,8.449880035,7.022323797,6.426202523,16.4712315,5.935489657,15.93844677,9.262971648,9.246385045,11.54634567,10.74193679,7.674202919,5.037462756,6.553522732,6.156877584,5.071620081
乌干达,Uganda,UGA,"Inflation, GDP deflator: linked series (annual %)",NY.GDP.DEFL.KD.ZG.AD,,,,,,,,,,,,,,,,,,,,,,,,,,,,,,,44.38008967,26.0193367,45.06802909,30.13687145,6.848497549,9.37643764,4.57248128,3.09526852,8.785706852,-0.11313055,11.11730588,4.534475811,-3.169556342,7.806740874,15.58754999,-1.741185294,2.405620218,7.321247318,6.364276547,14.5665706,10.56723195,4.631766663,21.52116587,4.025024791,3.404692584,5.004456542,3.52515135,5.988870003
乌克兰,Ukraine,UKR,"Inflation, GDP deflator: linked series (annual %)",NY.GDP.DEFL.KD.ZG.AD,,,,,,,,,,,,,,,,,,,,,,,,,,,,,,,16.339579,95.61871199,1761.242569,3334.801112,953.4611719,415.8098702,66.14566294,18.07379596,12.01201893,27.39992471,23.11594264,9.947186143,5.121841928,8.220602854,15.1556536,24.55229271,14.87825156,22.75260765,28.58347401,13.07361315,13.41176563,14.20079098,7.794923262,4.337017974,15.90180871,38.88165934,17.14239528,22.1120578
中高等收入国家,,UMC,"Inflation, GDP deflator: linked series (annual %)",NY.GDP.DEFL.KD.ZG.AD,,,,,,,,,,,,,,,,,,,,,,,,,,,,,,,,,,,,,,,,,,,,,,,,,,,,,,,,,,
乌拉圭,Uruguay,URY,"Inflation, GDP deflator: linked series (annual %)",NY.GDP.DEFL.KD.ZG.AD,,,,,,,,,,,,,,,,,,,,,,,,,,,,,,,124.1040462,100.8081676,59.6236227,47.8519289,38.95718236,41.04832687,26.43173779,19.28068542,12.38390553,4.326096153,3.539308497,4.826618341,12.61627663,16.54163515,10.10505599,0.677868397,6.533334632,9.417473476,8.023536411,7.747542087,4.907025261,9.009675541,8.5575517,8.153729815,9.372246381,9.016280621,7.345490947,4.024704852
美国,USA,USA,"Inflation, GDP deflator: linked series (annual %)",NY.GDP.DEFL.KD.ZG.AD,,,,,,,,,,,,,,,,,,,,,,,,,,,,,,,3.699156703,3.328513079,2.279550581,2.379261482,2.128132874,2.085676645,1.825553431,1.711503645,1.085256199,1.530321885,2.275519805,2.278900887,1.535124592,1.994056263,2.749721159,3.21763825,3.072266625,2.661336394,1.961612383,0.759434764,1.221349397,2.064627467,1.842051483,1.615007088,1.794674383,1.084432578,1.275800039,1.79931713
乌兹别克斯坦,Uzbekistan,UZB,"Inflation, GDP deflator: linked series (annual %)",NY.GDP.DEFL.KD.ZG.AD,,,,,,,,,,,,,,,,,,,,,,,,,,,,,,,3.979689353,90.72728,712.1492603,1078.882855,1238.595271,370.9439533,81.55525468,66.08706781,38.99795559,44.11536328,47.34078685,45.18965356,45.44937292,26.72340944,15.72052711,21.37413133,23.64003946,21.40012545,26.82550582,17.20834002,16.45577436,16.57280799,14.90965563,14.2750906,11.94871144,9.074861814,7.376923917,18.96931298
圣文森特和格林纳丁斯,Saint Vincent and the Grenadines,VCT,"Inflation, GDP deflator: linked series (annual %)",NY.GDP.DEFL.KD.ZG.AD,,,,,,,,,,,,,,,,,,,,,,,,,,,,,,,7.470602791,4.827101932,2.535681098,-1.194806194,2.370780003,1.310627938,3.565965843,1.357826082,3.212185937,1.816494629,-0.213270553,6.698147093,1.017049274,-3.135299455,4.014011472,2.947273464,3.011337988,8.409833135,7.265685772,-0.867893722,4.436253154,-0.330177767,1.089684693,2.207512894,-0.428392616,2.473626291,-0.094267435,1.523974899
委内瑞拉玻利瓦尔共和国,Venezuela,VEN,"Inflation, GDP deflator: linked series (annual %)",NY.GDP.DEFL.KD.ZG.AD,,,,,,,,,,,,,,,,,,,,,,,,,,,,,,,41.74066058,21.44961228,28.24406512,31.6458228,62.89068572,51.75990076,115.5247186,38.42008122,18.8902867,26.19271006,29.45282511,7.996904056,33.02287608,34.93375574,33.95372434,29.60405935,17.90431555,15.44847776,30.13245285,7.83166636,45.9432687,28.14919095,14.05943006,35.50267463,67.14669942,,,
英屬維爾京群島,"Virgin Islands, British",VGB,"Inflation, GDP deflator: linked series (annual %)",NY.GDP.DEFL.KD.ZG.AD,,,,,,,,,,,,,,,,,,,,,,,,,,,,,,,,,,,,,,,,,,,,,,,,,,,,,,,,,,
美属维京群岛,"Virgin Islands, U.S.",VIR,"Inflation, GDP deflator: linked series (annual %)",NY.GDP.DEFL.KD.ZG.AD,,,,,,,,,,,,,,,,,,,,,,,,,,,,,,,,,,,,,,,,,,,,5.982725498,6.878410746,12.75111964,-2.085891466,2.502115708,-12.33914314,5.929411765,2.31077576,6.37377625,13.6763074,-2.4229708,-2.784079334,3.689259708,,
越南,Vietnam,VNM,"Inflation, GDP deflator: linked series (annual %)",NY.GDP.DEFL.KD.ZG.AD,,,,,,,,,,,,,,,,,,,,,,,,,,,,,,,42.09509813,72.5463846,32.62918446,17.41497463,16.95231603,17.04019542,8.696767121,6.597404782,8.837864123,5.734702832,3.408827662,2.622264785,4.698928166,7.109602462,8.433312129,18.81051957,8.568947975,9.630225614,22.67331618,6.215623149,12.0742957,21.26065929,10.92603381,4.76065484,3.662383811,-0.190788132,1.110649186,4.124919316
瓦努阿图,Vanuatu,VUT,"Inflation, GDP deflator: linked series (annual %)",NY.GDP.DEFL.KD.ZG.AD,,,,,,,,,,,,,,,,,,,,,,,,,,,,,,,-0.996914564,10.2954268,2.778527472,2.048502607,2.346129257,1.713527234,2.077281437,3.177858836,8.157102494,3.075150935,2.184591316,3.722532478,2.782802682,0.788437031,2.12212648,0.421901323,3.87271716,5.472539509,7.322855794,2.311267078,2.617350408,3.098921849,0.413713213,2.657120035,1.984050408,2.484525101,2.187415249,2.572095219
世界,,WLD,"Inflation, GDP deflator: linked series (annual %)",NY.GDP.DEFL.KD.ZG.AD,,,,,,,,,,,,,,,,,,,,,,,,,,,,,,,,,,,,,,,,,,,,,,,,,,,,,,,,,,
萨摩亚,Samoa,WSM,"Inflation, GDP deflator: linked series (annual %)",NY.GDP.DEFL.KD.ZG.AD,,,,,,,,,,,,,,,,,,,,,,,,,,,,,,,9.006439507,6.111367917,8.565971907,0.654733175,68.22794578,-6.975461759,4.590053795,11.83640764,3.413644184,2.481817507,2.8919791,2.426767276,2.433947671,2.617633594,7.015162865,0.856081316,9.263286334,-0.137675272,8.602007982,2.437840514,1.717687859,2.313576638,3.960164012,1.718542501,0.29630576,2.741972395,-1.575411404,1.24926366
科索沃,,XKX,"Inflation, GDP deflator: linked series (annual %)",NY.GDP.DEFL.KD.ZG.AD,,,,,,,,,,,,,,,,,,,,,,,,,,,,,,,,,,,,,,,,,,11.40093362,1.805204624,-2.170582053,-3.836526734,-3.209455212,3.528837708,1.257367399,7.118989636,1.420525345,4.693151723,4.269496272,2.210692408,1.815713415,3.263830207,0.197417395,0.457098495,-0.251153751
也门共和国,Yemen,YEM,"Inflation, GDP deflator: linked series (annual %)",NY.GDP.DEFL.KD.ZG.AD,,,,,,,,,,,,,,,,,,,,,,,,,,,,,,,,11.99358113,13.17174534,16.37590786,20.78436444,45.74334276,36.7700879,13.29049269,-8.34295175,33.46090536,23.34605192,2.748200454,8.711880484,10.89234284,14.11331999,18.53335355,13.58864728,10.88828243,20.37774624,-8.70527002,23.61628965,18.11366653,5.893184916,9.209066078,7.163204081,27.35280351,4.453119364,
南非,South Africa,ZAF,"Inflation, GDP deflator: linked series (annual %)",NY.GDP.DEFL.KD.ZG.AD,,,,,,,,,,,,,,,,,,,,,,,,,,,,,,,15.47712431,15.65190424,14.5677665,12.98156329,9.524817161,10.19676175,7.898718058,7.938024398,7.768374965,7.071954852,8.843786474,7.604663831,12.24055287,5.793571813,6.527008604,5.449047625,6.255382788,8.849410175,8.831503768,7.504533385,6.350977419,6.532244045,5.282775916,6.155272466,5.546987876,5.12138338,6.773839173,5.536708905
赞比亚,Zambia,ZMB,"Inflation, GDP deflator: linked series (annual %)",NY.GDP.DEFL.KD.ZG.AD,,,,,,,,,,,,,,,,,,,,,,,,,,,,,,,106.38892,92.65457821,165.5339538,143.6583417,80.74219865,30.61112476,24.34925956,25.40254126,16.90687281,17.92387307,32.61387051,25.33125846,19.39092327,17.60772368,19.71682321,16.65019907,14.54225268,12.97021073,10.64024482,5.55968566,13.95091319,11.11506291,6.990635207,9.727272475,5.437932952,6.660245316,13.57376515,9.238411706
津巴布韦,Zimbabwe,ZWE,"Inflation, GDP deflator: linked series (annual %)",NY.GDP.DEFL.KD.ZG.AD,,,,,,,,,,,,,,,,,,,,,,,,,,,,,,,-0.920431046,-6.777299777,-14.12965858,-3.791122061,-3.895672489,3.038538188,8.984383351,-2.879048133,-27.04864936,8.00681315,0.627899893,-0.130889895,2.712950053,8.801275345,7.611524637,5.136601248,-2.017678847,0.894887041,1.349222859,24.67528028,4.487864275,3.331866762,2.563181627,2.80570218,0.700920944,0.898071731,1.309977199,3.797826043
