Country Name,Name,Country Code,Indicator Name,Indicator Code,1960,1961,1962,1963,1964,1965,1966,1967,1968,1969,1970,1971,1972,1973,1974,1975,1976,1977,1978,1979,1980,1981,1982,1983,1984,1985,1986,1987,1988,1989,1990,1991,1992,1993,1994,1995,1996,1997,1998,1999,2000,2001,2002,2003,2004,2005,2006,2007,2008,2009,2010,2011,2012,2013,2014,2015,2016,2017
安哥拉,Angola,AGO,GDP（现价美元）,NY.GDP.MKTP.CD,,,,,,,,,,,,,,,,,,,,,5930503401,5550483036,5550483036,5784341596,6131475065,7553560459,7072063345,8083872012,8769250550,10201099040,11228764963,10603784541,8307810974,5768720422,4438321017,5538749260,7526446606,7648377413,6506229607,6152922943,9129594819,8936063723,12497347956,14188949398,19640853734,28233712738,41789479932,60448924662,84178035579,75492385928,82526143645,1.04E+11,1.14E+11,1.25E+11,1.27E+11,1.03E+11,95337203468,1.24E+11
阿拉伯联合酋长国,United Arab Emirates,ARE,GDP（现价美元）,NY.GDP.MKTP.CD,,,,,,,,,,,,,,,,14720672507,19213022691,24871775165,23775831783,31225463218,43598748449,49333424135,46622718605,42803323345,41807954236,40603650232,33943612095,36384908744,36275674203,41464995914,50701443748,51552165622,54239171888,55625170253,59305093980,65743666576,73571233996,78839008445,75674336283,84445473111,1.04E+11,1.03E+11,1.10E+11,1.24E+11,1.48E+11,1.81E+11,2.22E+11,2.58E+11,3.15E+11,2.54E+11,2.90E+11,3.51E+11,3.75E+11,3.90E+11,4.03E+11,3.58E+11,3.57E+11,3.83E+11
阿根廷,Argentina,ARG,GDP（现价美元）,NY.GDP.MKTP.CD,,,24450604878,18272123664,25605249382,28344705967,28630474728,24256667553,26436857247,31256284544,31584210366,33293199095,34733000536,52544000117,72436777342,52438647922,51169499891,56781000101,58082870156,69252328953,76961923742,78676842366,84307486837,1.04E+11,79092001998,88416668900,1.11E+11,1.11E+11,1.26E+11,76636898036,1.41E+11,1.90E+11,2.29E+11,2.37E+11,2.57E+11,2.58E+11,2.72E+11,2.93E+11,2.99E+11,2.84E+11,2.84E+11,2.69E+11,97724004252,1.28E+11,1.65E+11,1.99E+11,2.33E+11,2.88E+11,3.62E+11,3.33E+11,4.24E+11,5.30E+11,5.46E+11,5.52E+11,5.26E+11,5.95E+11,5.55E+11,6.38E+11
澳大利亚,Australia,AUS,GDP（现价美元）,NY.GDP.MKTP.CD,18573188487,19648336880,19888005376,21501847911,23758539590,25931235301,27261731437,30389741292,32657632434,36620002240,41261059469,45138313361,51954439252,63721973094,88809137804,97147343985,1.05E+11,1.10E+11,1.18E+11,1.35E+11,1.50E+11,1.77E+11,1.94E+11,1.77E+11,1.93E+11,1.80E+11,1.82E+11,1.89E+11,2.36E+11,2.99E+11,3.11E+11,3.25E+11,3.25E+11,3.12E+11,3.22E+11,3.67E+11,4.00E+11,4.35E+11,3.99E+11,3.88E+11,4.15E+11,3.78E+11,3.94E+11,4.66E+11,6.12E+11,6.93E+11,7.46E+11,8.52E+11,1.05E+12,9.26E+11,1.14E+12,1.39E+12,1.54E+12,1.57E+12,1.46E+12,1.35E+12,1.21E+12,1.32E+12
奥地利,Austria,AUT,GDP（现价美元）,NY.GDP.MKTP.CD,6592693841,7311749633,7756110210,8374175258,9169983886,9994070616,10887682273,11579431669,12440625313,13582798556,15373005769,17858485957,22059612417,29515467988,35189299985,40059206763,42959976068,51545759221,62052258694,73937296655,82058912465,71034228097,71275287328,72121016623,67985345162,69386774475,99036165210,1.24E+11,1.33E+11,1.33E+11,1.66E+11,1.74E+11,1.95E+11,1.90E+11,2.04E+11,2.41E+11,2.37E+11,2.13E+11,2.18E+11,2.17E+11,1.97E+11,1.97E+11,2.13E+11,2.62E+11,3.01E+11,3.16E+11,3.36E+11,3.89E+11,4.30E+11,4.00E+11,3.92E+11,4.31E+11,4.09E+11,4.30E+11,4.42E+11,3.82E+11,3.91E+11,4.17E+11
比利时,Belgium,BEL,GDP（现价美元）,NY.GDP.MKTP.CD,11658722591,12400145222,13264015675,14260017387,15960106681,17371457608,18651883472,19992040788,21376353113,23710735895,26849148286,29981290025,37408591330,47999363072,56333010460,66029748931,71494539498,83283328419,1.02E+11,1.17E+11,1.28E+11,1.05E+11,92588895020,87650915976,83795680815,86730038793,1.21E+11,1.50E+11,1.63E+11,1.65E+11,2.06E+11,2.12E+11,2.36E+11,2.26E+11,2.46E+11,2.90E+11,2.81E+11,2.55E+11,2.61E+11,2.60E+11,2.38E+11,2.38E+11,2.59E+11,3.19E+11,3.71E+11,3.87E+11,4.10E+11,4.72E+11,5.19E+11,4.85E+11,4.84E+11,5.27E+11,4.98E+11,5.21E+11,5.31E+11,4.55E+11,4.68E+11,4.93E+11
保加利亚,Bulgaria,BGR,GDP（现价美元）,NY.GDP.MKTP.CD,,,,,,,,,,,,,,,,,,,,,19839230769,19870000000,19342000000,16563666667,17594944444,17155421053,20249294118,28101000000,22555941176,21988444444,20632090909,10943548387,10350515464,10829710145,9697416974,13063422619,10109612142,11195612105,14630992956,13495075366,13153016531,14075616789,16276456428,20982685981,25957970922,29636617750,34130122491,44411476557,54409138498,51884481410,50610058210,57418414504,53903022339,55758754072,56731990232,50199104511,53240893665,56831518294
波斯尼亚和黑塞哥维那,Bosnia-Herzegovina,BIH,GDP（现价美元）,NY.GDP.MKTP.CD,,,,,,,,,,,,,,,,,,,,,,,,,,,,,,,,,,,1255802469,1866572954,2786045322,3671816504,4116699437,4685729739,5505984456,5748990666,6651226179,8370020196,10022840635,11225138297,12866524918,15776422673,19112739664,17613836210,17176781337,18644723861,17226849297,18178503835,18558343508,16209702864,16911088174,18168579578
玻利维亚,Bolivia,BOL,GDP（现价美元）,NY.GDP.MKTP.CD,563110051.9,612518906.8,669722541.3,721142957.3,812543072.5,908874537,994044553.9,1084059815,908874537,964615698.7,1017171717,1095454545,1257615645,1263018491,2100249875,2404697651,2732083958,3227436282,3758220890,4421343606,4537487843,5891606676,5594118400,5422656262,6169481549,5377277407,3959379488,4347956299,4597615563,4715978868,4867582620,5343274312,5643893347,5734676561,5981244887,6715220507,7396966657,7925673448,8497545598,8285075872,8397912509,8141537938,7905485077,8082364868,8773451739,9549077869,11451869165,13120183157,16674324634,17339992165,19649631308,23963033444,27084497540,30659338929,32996187988,33000198263,33941126194,37508642113
巴西,Brazil,BRA,GDP（现价美元）,NY.GDP.MKTP.CD,15165569913,15236854859,19926293839,23021477292,21211892260,21790035117,27062716578,30591834054,33875881876,37458898244,42327600098,49204456700,58539008786,79279057731,1.05E+11,1.24E+11,1.53E+11,1.76E+11,2.01E+11,2.25E+11,2.35E+11,2.64E+11,2.82E+11,2.03E+11,2.09E+11,2.23E+11,2.68E+11,2.94E+11,3.30E+11,4.26E+11,4.62E+11,6.03E+11,4.01E+11,4.38E+11,5.58E+11,7.69E+11,8.50E+11,8.83E+11,8.64E+11,5.99E+11,6.55E+11,5.59E+11,5.08E+11,5.58E+11,6.69E+11,8.92E+11,1.11E+12,1.40E+12,1.70E+12,1.67E+12,2.21E+12,2.62E+12,2.47E+12,2.47E+12,2.46E+12,1.80E+12,1.79E+12,2.06E+12
加拿大,Canada,CAN,GDP（现价美元）,NY.GDP.MKTP.CD,41093453545,40767969454,41978852041,44657169109,48882938810,53909570342,60358632035,64768831262,70759031842,77887510242,87896095224,99271961478,1.13E+11,1.31E+11,1.60E+11,1.74E+11,2.07E+11,2.12E+11,2.19E+11,2.43E+11,2.74E+11,3.06E+11,3.14E+11,3.41E+11,3.55E+11,3.65E+11,3.77E+11,4.31E+11,5.07E+11,5.65E+11,5.94E+11,6.10E+11,5.92E+11,5.77E+11,5.78E+11,6.04E+11,6.29E+11,6.53E+11,6.32E+11,6.76E+11,7.42E+11,7.36E+11,7.58E+11,8.92E+11,1.02E+12,1.17E+12,1.32E+12,1.46E+12,1.55E+12,1.37E+12,1.61E+12,1.79E+12,1.82E+12,1.84E+12,1.80E+12,1.56E+12,1.54E+12,1.65E+12
瑞士,Switzerland,CHE,GDP（现价美元）,NY.GDP.MKTP.CD,9522746719,10712712465,11879982759,13063643796,14480556572,15346741670,16480058705,17740013179,18942729779,20524886616,,,,,,,,,,,1.19E+11,1.09E+11,1.12E+11,1.11E+11,1.06E+11,1.08E+11,1.54E+11,1.93E+11,2.09E+11,2.02E+11,2.58E+11,2.61E+11,2.72E+11,2.64E+11,2.93E+11,3.43E+11,3.30E+11,2.87E+11,2.95E+11,2.90E+11,2.72E+11,2.79E+11,3.01E+11,3.53E+11,3.94E+11,4.09E+11,4.31E+11,4.80E+11,5.54E+11,5.42E+11,5.84E+11,7.00E+11,6.68E+11,6.89E+11,7.09E+11,6.79E+11,6.69E+11,6.79E+11
智利,Chile,CHL,GDP（现价美元）,NY.GDP.MKTP.CD,4110000000,4609727273,5416272727,5668187500,5982347826,6026593750,7072641026,7013196078,7167086957,8377093023,9126309735,10884114754,11853817308,16836261173,16210404184,7622217352,10341925249,13962893422,15989933708,21803696985,29036709872,34509878044,25325893206,20355959237,19622527480,17702885394,18891048819,22255407685,26040229793,29885685143,33113887818,37834793730,45964327559,49297773130,57008425296,73447063319,78039572222,84952360922,81577430181,75173794497,77860932152,70979923960,69736811435,75643459840,99210392858,1.23E+11,1.55E+11,1.74E+11,1.80E+11,1.72E+11,2.19E+11,2.52E+11,2.67E+11,2.78E+11,2.61E+11,2.44E+11,2.50E+11,2.77E+11
中国,China,CHN,GDP（现价美元）,NY.GDP.MKTP.CD,59716467625,50056868958,47209359006,50706799903,59708343489,70436266147,76720285970,72881631327,70846535056,79705906247,92602973434,99800958648,1.14E+11,1.39E+11,1.44E+11,1.63E+11,1.54E+11,1.75E+11,1.50E+11,1.78E+11,1.91E+11,1.96E+11,2.05E+11,2.31E+11,2.60E+11,3.09E+11,3.01E+11,2.73E+11,3.12E+11,3.48E+11,3.61E+11,3.83E+11,4.27E+11,4.45E+11,5.64E+11,7.35E+11,8.64E+11,9.62E+11,1.03E+12,1.09E+12,1.21E+12,1.34E+12,1.47E+12,1.66E+12,1.96E+12,2.29E+12,2.75E+12,3.55E+12,4.60E+12,5.11E+12,6.10E+12,7.57E+12,8.56E+12,9.61E+12,1.05E+13,1.11E+13,1.12E+13,1.22E+13
科特迪瓦,Ivory Coast,CIV,GDP（现价美元）,NY.GDP.MKTP.CD,546203561.6,618245639.2,645284344.7,761047045.8,921063266.4,919771356.4,1024103034,1082922892,1281281246,1361360157,1455482990,1584128262,1849400600,2508421235,3070151901,3893839190,4662053708,6265067858,7900524898,9142935858,10175615442,8432588484,7567109767,6838185419,6841638715,6977650069,9158302205,10087653189,10255170460,9757410614,10795850107,10492628915,11152971316,11045759469,8313557450,11000146839,12139234939,11722142706,12612033729,12376639823,10717022463,11192560827,12346919216,15306602560,16554441847,17084928927,17800887796,20343635320,24224903100,24277493862,24884505035,25381616734,27040562587,31273049200,35372603446,33145096414,36374849865,40388624117
喀麦隆,Cameroon,CMR,GDP（现价美元）,NY.GDP.MKTP.CD,618740988,657597382.8,699373701.2,723624365.3,782384527.8,814139855.8,853268771.1,934079050.3,1053077155,1152418515,1160002261,1233991075,1430951332,1758727395,2255496995,2752771044,3076592431,3366368665,4409920644,5811444661,6740756569,7636345827,7322914570,7381854747,7801858825,8148223604,10621158533,12302471429,12493286762,11140055364,11151578051,12434370005,11396310990,15498179313,10600157684,9643953175,10513387442,10833497458,10612847429,11198378749,10083937740,10371327756,11579343088,14548845765,17430933517,17944084201,19356046328,22365265026,26409781215,26017925552,26143818510,29337006833,29104437355,32348149947,34942948737,30916218544,32217537943,34798596482
刚果（金）,Congo DR,COD,GDP（现价美元）,NY.GDP.MKTP.CD,3359404118,3086746857,3779841429,6213185743,2881545273,4043901818,4532660182,3384063372,3909780539,5032434970,4877684910,5594770359,6173712814,7870239461,9596960180,10237343174,9648583225,12344424764,15372608002,15068422236,14394927495,12537821038,13651667371,11006712650,7857729193,7195042616,8095367168,7661625473,8861299977,9021862775,9349764580,9625436873,8227343907,10706259937,5820382248,5643439376,5771454940,6090840548,6215591270,4711259427,19088046306,7438189100,8728038525,8937567060,10297483481,11964484668,14451902468,16737071816,19788515874,18648373312,21565722425,25839749199,29306223081,32671683662,35917650630,37917704900,34991160100,37241300949
哥伦比亚,Colombia,COL,GDP（现价美元）,NY.GDP.MKTP.CD,4040948154,4552914000,4968603736,4838841456,5992169467,5790247619,5452762963,5727195020,5918455410,6405427874,7198360460,7820380971,8671358733,10315760000,12370029584,13098633902,15341403660,19470960619,23263511958,27940411250,33400735644,36388366869,38968039722,38729822782,38253120738,34894411352,34942489684,36373307085,39212550050,39540080200,40274204595,41239551378,49279585355,55802538219,81703500846,92507279383,97160109278,1.07E+11,98443739941,86186158685,99886577331,98203546156,97933391976,94684584163,1.17E+11,1.47E+11,1.63E+11,2.07E+11,2.44E+11,2.34E+11,2.87E+11,3.35E+11,3.70E+11,3.80E+11,3.78E+11,2.92E+11,2.80E+11,3.09E+11
哥斯达黎加,Costa Rica,CRI,GDP（现价美元）,NY.GDP.MKTP.CD,507513830,490325181.6,479180824.3,511902136.8,542578367.2,592981162.3,647305630.2,699456618.9,773841494.3,853630203.8,984830158.5,1077152902,1238251696,1528916185,1666544754,1960863466,2412555426,3072427013,3523208810,4035519323,4831447001,2623807074,2606621255,3976453967,4593908719,4796628461,5477895475,5841132962,6063759371,6866402028,7403457319,7168999428,8528593084,9537297507,10432619390,11513472694,11618286553,12552071367,13617405420,14195623425,14949514585,15913363335,16504795453,17195867540,18529767934,19952156475,22600431878,26743874206,30612932876,30562361123,37268635287,42262697840,46473128286,49745088112,50577769838,54775972989,56988989897,57057372468
古巴,Cuba,CUB,GDP（现价美元）,NY.GDP.MKTP.CD,,,,,,,,,,,5693005200,6914658400,8135150892,9987709650,11405957317,13027415244,13789579903,14206158675,17844705325,19584443288,19912889861,20150254096,20953510235,22204940512,24039383608,22920490774,24226574634,25213935012,27458999472,27023468666,28645436569,24316556026,22085858243,22367254865,28448326757,30429803651,25017300000,25366200000,25736331247,28364615242,30565400000,31682400000,33590500000,35901200000,38203000000,42643836075,52742800000,58603900000,60806300000,62080000000,64328000000,68990000000,73141000000,77148000000,80656100000,87132800000,,
捷克共和国,Czech Republic,CZE,GDP（现价美元）,NY.GDP.MKTP.CD,,,,,,,,,,,,,,,,,,,,,,,,,,,,,,,40477403220,29675502270,34590052812,40614350197,47554674591,59775697061,66985765439,61792161168,66490372105,64867483193,61649492817,67523642262,81910771994,99627140274,1.19E+11,1.36E+11,1.55E+11,1.89E+11,2.36E+11,2.06E+11,2.07E+11,2.28E+11,2.07E+11,2.09E+11,2.08E+11,1.87E+11,1.95E+11,2.16E+11
德国,Germany,DEU,GDP（现价美元）,NY.GDP.MKTP.CD,,,,,,,,,,,2.15E+11,2.49E+11,2.99E+11,3.97E+11,4.44E+11,4.89E+11,5.18E+11,5.98E+11,7.38E+11,8.78E+11,9.47E+11,7.97E+11,7.74E+11,7.68E+11,7.22E+11,7.30E+11,1.04E+12,1.29E+12,1.40E+12,1.39E+12,1.76E+12,1.86E+12,2.12E+12,2.07E+12,2.21E+12,2.59E+12,2.50E+12,2.22E+12,2.24E+12,2.20E+12,1.95E+12,1.95E+12,2.08E+12,2.51E+12,2.82E+12,2.86E+12,3.00E+12,3.44E+12,3.75E+12,3.42E+12,3.42E+12,3.76E+12,3.54E+12,3.75E+12,3.89E+12,3.38E+12,3.48E+12,3.68E+12
丹麦,Denmark,DNK,GDP（现价美元）,NY.GDP.MKTP.CD,6248946880,6933842099,7812968114,8316692386,9506678763,10678897387,11721248101,12788479692,13196541952,15009384585,17075466667,19085681968,23232411898,30730638896,34160363583,40474400473,44575847808,49784281716,60362854967,70366280175,71127592754,61877755005,60412846239,60644833242,59105208273,62658544411,88078729452,1.09E+11,1.16E+11,1.12E+11,1.38E+11,1.39E+11,1.53E+11,1.43E+11,1.56E+11,1.85E+11,1.88E+11,1.74E+11,1.77E+11,1.78E+11,1.64E+11,1.65E+11,1.79E+11,2.18E+11,2.51E+11,2.64E+11,2.83E+11,3.19E+11,3.53E+11,3.21E+11,3.22E+11,3.44E+11,3.27E+11,3.44E+11,3.53E+11,3.01E+11,3.07E+11,3.25E+11
阿尔及利亚,Algeria,DZA,GDP（现价美元）,NY.GDP.MKTP.CD,2723648552,2434776646,2001468868,2703014867,2909351793,3136258897,3039834559,3370843066,3852115817,4257218772,4863487493,5077222367,6761786387,8715105930,13209713643,15557934268,17728347375,20971901273,26364491313,33243422158,42345277342,44348672668,45207088716,48801369800,53698278906,57937868670,63696301893,66742267773,59089067187,55631489802,62045099643,45715367087,48003298223,49946455211,42542571306,41764052458,46941496780,48177862502,48187747529,48640574567,54790245601,54744714396,56760288974,67863829880,85324998814,1.03E+11,1.17E+11,1.35E+11,1.71E+11,1.37E+11,1.61E+11,2.00E+11,2.09E+11,2.10E+11,2.14E+11,1.66E+11,1.59E+11,1.70E+11
厄瓜多尔,Ecuador,ECU,GDP（现价美元）,NY.GDP.MKTP.CD,1010325138,979108806.8,958598195,1038389642,1156150890,2387048255,2429309514,2553596092,2582180794,3112166848,2862504170,2754220263,3185987235,3891755552,6599259421,7731677257,9091924305,11026346590,11922502171,14175166008,17881514683,21810767209,19929853575,17152483214,16912515183,17149094590,15314143988,13945431882,13051886552,13890828708,15239278100,16988535268,18094238119,18938717359,22708673337,24432884442,25226393197,28162053027,27981896948,19645272636,18327764882,24468324000,28548945000,32432858000,36591661000,41507085000,46802044000,51007777000,61762635000,62519686000,69555367000,79276664000,87924544000,95129659000,1.02E+11,99290381000,98613972000,1.03E+11
阿拉伯埃及共和国,Egypt,EGY,GDP（现价美元）,NY.GDP.MKTP.CD,,,,,,5111621014,5339520613,5579168510,6109112150,6861743341,7682491836,8266003571,8763960703,9616725366,9015166840,11437965585,13360476862,14636028767,14849909491,18150000571,22912500556,23405404730,25592365394,28137369499,30642873038,34689560465,35880262675,40507934171,35044634015,39648442534,43130416913,36970555899,41855986519,46578631453,51897983393,60159245060,67629716981,78436578171,84828807556,90710704807,99838543960,97632008710,87850683979,82924503943,78845185293,89685725230,1.07E+11,1.30E+11,1.63E+11,1.89E+11,2.19E+11,2.36E+11,2.79E+11,2.89E+11,3.06E+11,3.33E+11,3.33E+11,2.35E+11
西班牙,Spain,ESP,GDP（现价美元）,NY.GDP.MKTP.CD,12072126075,13834300571,16138545209,19074913948,21343844644,24756958695,28721062242,31647119228,31475548481,36038711600,40881655099,46492797365,58971806627,78425934894,97009800115,1.14E+11,1.18E+11,1.32E+11,1.60E+11,2.14E+11,2.32E+11,2.02E+11,1.95E+11,1.70E+11,1.72E+11,1.80E+11,2.51E+11,3.18E+11,3.75E+11,4.14E+11,5.35E+11,5.76E+11,6.29E+11,5.24E+11,5.29E+11,6.13E+11,6.41E+11,5.89E+11,6.17E+11,6.33E+11,5.95E+11,6.26E+11,7.05E+11,9.07E+11,1.07E+12,1.16E+12,1.26E+12,1.48E+12,1.64E+12,1.50E+12,1.43E+12,1.49E+12,1.34E+12,1.36E+12,1.38E+12,1.20E+12,1.24E+12,1.31E+12
法国,France,FRA,GDP（现价美元）,NY.GDP.MKTP.CD,62651474947,68346741504,76313782252,85551113767,94906593388,1.02E+11,1.11E+11,1.19E+11,1.30E+11,1.41E+11,1.48E+11,1.66E+11,2.03E+11,2.64E+11,2.86E+11,3.61E+11,3.72E+11,4.10E+11,5.07E+11,6.14E+11,7.01E+11,6.16E+11,5.85E+11,5.60E+11,5.31E+11,5.53E+11,7.71E+11,9.34E+11,1.02E+12,1.03E+12,1.27E+12,1.27E+12,1.40E+12,1.32E+12,1.39E+12,1.60E+12,1.61E+12,1.45E+12,1.50E+12,1.49E+12,1.36E+12,1.38E+12,1.49E+12,1.84E+12,2.12E+12,2.20E+12,2.32E+12,2.66E+12,2.92E+12,2.69E+12,2.64E+12,2.86E+12,2.68E+12,2.81E+12,2.85E+12,2.44E+12,2.47E+12,2.58E+12
加纳,Ghana,GHA,GDP（现价美元）,NY.GDP.MKTP.CD,1217230038,1302674264,1382515590,1540797517,1731296119,2053462872,2126300573,1747187539,1666910166,1962051319,2215029450,2417107708,2112292945,2465492958,2894409938,2810106383,2765254237,3189428571,3662478185,4020227920,4445228216,4222441615,4035994398,4057275043,4412279843,4504342149,5727602645,5074829932,5197840979,5251764264,5889174825,6596546196,6413901602,5966255778,5444560669,6465137615,6934984709,6891308594,7480968858,7719354839,4983024408,5314909954,6166330136,7632406553,8881368538,10731634117,20409668522,24758819718,28526891010,25977847814,32174772956,39566292433,41939728979,47805069495,39086625009,37338430643,42803583022,47330016343
希腊,Greece,GRC,GDP（现价美元）,NY.GDP.MKTP.CD,4446528165,5016048786,5327573509,5949478035,6680298251,7600579093,8455611129,9136711288,9915140546,11266091571,13139862500,14591755682,16885506818,22347844649,25351305682,28525872476,31152840485,36176233117,44270203154,54481875805,56829663469,52346507380,54617991327,49428872678,48020024788,47820850975,56379593720,65652751132,76261278405,79169043642,97891090929,1.05E+11,1.16E+11,1.09E+11,1.17E+11,1.37E+11,1.46E+11,1.43E+11,1.44E+11,1.43E+11,1.30E+11,1.36E+11,1.54E+11,2.02E+11,2.41E+11,2.48E+11,2.73E+11,3.18E+11,3.54E+11,3.30E+11,2.99E+11,2.88E+11,2.46E+11,2.40E+11,2.37E+11,1.96E+11,1.93E+11,2.00E+11
洪都拉斯,Honduras,HND,GDP（现价美元）,NY.GDP.MKTP.CD,335650000,356200000,387750000,410200000,457000000,508650000,549950000,598100000,646800000,668000050,723000000,731000000,802999950,912499950,1034500000,1124000000,1347999950,1669499950,1929499950,2251499950,2566000050,2819500000,2903500050,3076999950,3319000000,3639499950,3808500050,4152499950,3970386266,3563448310,3048881323,3068444712,3419487441,3481990761,3432356579,3911053180,4034037162,4663193916,5202215657,5372543554,7103507989,7565869928,7775078403,8140271081,8772194250,9672035709,10841742348,12275501784,13789715133,14587496229,15839344592,17710315006,18528601901,18499710128,19756494435,20979767785,21643936939,22978532897
克罗地亚,Croatia,HRV,GDP（现价美元）,NY.GDP.MKTP.CD,,,,,,,,,,,,,,,,,,,,,,,,,,,,,,,,,,,,22387561845,23678012697,23822087053,25432144406,23386945597,21774273832,23289671102,26878499206,34658113497,41574530816,45416358502,50453577898,60093222709,70481451449,62703143057,59829574391,62375044443,56565475275,58085856019,57629518806,49425513611,51338524831,54849180229
海地,Haiti,HTI,GDP（现价美元）,NY.GDP.MKTP.CD,,,,,,,,,,,,,,,,,,,,,,,,,,,,,,,,3473540602,2257121668,1878248741,2167564195,2813313279,2907514523,3338938830,3723909227,4153736347,3953846311,3596443005,3472191962,2960306121,3537720277,4310358096,4756204070,5885325590,6548530572,6584649419,6622541529,7516834160,7890216508,8452509316,8776350790,8724656126,7970649131,8408150518
匈牙利,Hungary,HUN,GDP（现价美元）,NY.GDP.MKTP.CD,,,,,,,,,,,,,,,,,,,,,,,,,,,,,,,,34748508332,38724945368,40119073326,43160392124,46418916500,46659796773,47290180589,48770466839,49170434391,47310623887,53821315066,67716887203,85324771841,1.04E+11,1.13E+11,1.15E+11,1.40E+11,1.58E+11,1.31E+11,1.31E+11,1.41E+11,1.28E+11,1.35E+11,1.40E+11,1.23E+11,1.26E+11,1.39E+11
印度尼西亚,Indonesia,IDN,GDP（现价美元）,NY.GDP.MKTP.CD,,,,,,,,5667756645,7076465295,8337423313,9150684932,9333536360,10997590361,16273253012,25802409639,30463855422,37269156627,45808915663,51455719100,51400186379,72482337370,85518233451,90158449307,81052283405,84853699994,85289491750,79954072570,75929617577,84300174477,94451427898,1.06E+11,1.17E+11,1.28E+11,1.58E+11,1.77E+11,2.02E+11,2.27E+11,2.16E+11,95445547873,1.40E+11,1.65E+11,1.60E+11,1.96E+11,2.35E+11,2.57E+11,2.86E+11,3.65E+11,4.32E+11,5.10E+11,5.40E+11,7.55E+11,8.93E+11,9.18E+11,9.13E+11,8.91E+11,8.61E+11,9.32E+11,1.02E+12
爱尔兰,Ireland,IRL,GDP（现价美元）,NY.GDP.MKTP.CD,1939329775,2088012282,2260349684,2430843768,2766608946,2945704143,3104034393,3343636773,3278584478,3787077344,4401259686,5104355500,6325627655,7490132549,7906317253,9495166028,9465078404,11261811100,14665538508,18341273856,21773901764,20694944733,21500472055,20790917686,20130728786,21295486383,28748960471,33961142322,37818134253,39285385088,49364681256,49847128533,55985506499,52480253169,57166037102,69222626263,75880632560,82826146132,90082034316,98691849563,99853528653,1.09E+11,1.28E+11,1.64E+11,1.94E+11,2.12E+11,2.32E+11,2.70E+11,2.75E+11,2.36E+11,2.22E+11,2.39E+11,2.26E+11,2.39E+11,2.58E+11,2.91E+11,3.05E+11,3.34E+11
伊朗伊斯兰共和国,Iran,IRN,GDP（现价美元）,NY.GDP.MKTP.CD,4199134390,4426949095,4693566416,4928628018,5379845647,6197319930,6789938673,7555383690,8623172960,9743089606,10976245154,13731801565,17153463264,27081698249,46209092073,51776222350,68055295080,80600122701,77994316622,90391877325,94362275580,1.00E+11,1.26E+11,1.56E+11,1.62E+11,1.80E+11,2.09E+11,1.34E+11,1.23E+11,1.20E+11,1.25E+11,,,63743623232,71841461173,96419225744,1.20E+11,1.14E+11,1.10E+11,1.14E+11,1.10E+11,1.27E+11,1.29E+11,1.54E+11,1.90E+11,2.26E+11,2.66E+11,3.50E+11,4.06E+11,4.14E+11,4.87E+11,5.84E+11,5.99E+11,4.67E+11,4.34E+11,3.86E+11,4.19E+11,4.40E+11
伊拉克,Iraq,IRQ,GDP（现价美元）,NY.GDP.MKTP.CD,1684121535,1831700364,1954634836,1978437693,2340521143,,,,2896947634,3008120975,3281713806,3865346535,4113848002,5134367778,11516762614,13458516763,17754825601,19838130715,23762275652,37816457839,53405689130,38424991534,42595309883,40595046639,46802508845,48284979093,47127693792,56609842393,62503055645,65641363783,1.80E+11,,,,,,,,,,,,,,36627901762,49954890353,65140293688,88840050497,1.32E+11,1.12E+11,1.39E+11,1.86E+11,2.18E+11,2.35E+11,2.35E+11,1.80E+11,1.71E+11,1.98E+11
以色列,Israel,ISR,GDP（现价美元）,NY.GDP.MKTP.CD,2598500000,3138500000,2510000000,2992333333,3405333333,3663333333,3980000000,4030000000,4619000000,5329333333,7045666667,6709000000,8771500000,11321750000,16334250000,15353833333,15176875000,17365700000,16836235294,21505200000,24154568627,25568701754,27826057613,31079439502,29148462483,27493591484,34083532195,40946424370,50078767903,49881433991,58986997917,67530220219,75575902932,75954641355,86307135997,1.00E+11,1.10E+11,1.15E+11,1.16E+11,1.17E+11,1.32E+11,1.31E+11,1.21E+11,1.27E+11,1.35E+11,1.42E+11,1.54E+11,1.79E+11,2.16E+11,2.07E+11,2.34E+11,2.62E+11,2.57E+11,2.92E+11,3.08E+11,2.99E+11,3.18E+11,3.51E+11
意大利,Italy,ITA,GDP（现价美元）,NY.GDP.MKTP.CD,40385288344,44842760293,50383891899,57710743060,63175417019,67978153851,73654870011,81133120065,87942231678,97085082807,1.13E+11,1.24E+11,1.45E+11,1.75E+11,1.99E+11,2.27E+11,2.24E+11,2.57E+11,3.14E+11,3.92E+11,4.76E+11,4.29E+11,4.26E+11,4.42E+11,4.36E+11,4.51E+11,6.38E+11,8.03E+11,8.89E+11,9.26E+11,1.18E+12,1.24E+12,1.32E+12,1.06E+12,1.10E+12,1.17E+12,1.31E+12,1.24E+12,1.27E+12,1.25E+12,1.14E+12,1.16E+12,1.27E+12,1.57E+12,1.80E+12,1.85E+12,1.94E+12,2.20E+12,2.39E+12,2.19E+12,2.13E+12,2.28E+12,2.07E+12,2.13E+12,2.15E+12,1.83E+12,1.86E+12,1.93E+12
牙买加,Jamaica,JAM,GDP（现价美元）,NY.GDP.MKTP.CD,699050679,748028839.4,777712445.8,826690466.2,897931401.4,972140557.2,1096738065,1148025407,1083883355,1191287652,1404776071,1539865514,1875048860,1905917553,2375096249,2860411286,2966010230,3249697393,2644449232,2425033998,2679409453,2979061412,3293533288,3619294121,2373566957,2100223150,2754566176,3286987552,3828310735,4404970059,4592224067,4071219198,3530892749,5405097571,5419134875,6538840170,7368000000,8375077443,8763219645,8851581633,8985352832,9178016493,9694169757,9399447609,10150978155,11204416000,11905525197,12824094990,13678606692,12038829246,13191645686,14439910353,14800165407,14274983016,13897723431,14186886643,14056908749,14768134912
日本,Japan,JPN,GDP（现价美元）,NY.GDP.MKTP.CD,44307342950,53508617739,60723018684,69498131797,81749006382,90950278258,1.06E+11,1.24E+11,1.47E+11,1.72E+11,2.13E+11,2.40E+11,3.18E+11,4.32E+11,4.80E+11,5.22E+11,5.86E+11,7.21E+11,1.01E+12,1.06E+12,1.11E+12,1.22E+12,1.13E+12,1.24E+12,1.32E+12,1.40E+12,2.08E+12,2.53E+12,3.07E+12,3.05E+12,3.13E+12,3.58E+12,3.91E+12,4.45E+12,4.91E+12,5.45E+12,4.83E+12,4.41E+12,4.03E+12,4.56E+12,4.89E+12,4.30E+12,4.12E+12,4.45E+12,4.82E+12,4.76E+12,4.53E+12,4.52E+12,5.04E+12,5.23E+12,5.70E+12,6.16E+12,6.20E+12,5.16E+12,4.85E+12,4.39E+12,4.95E+12,4.87E+12
大韩民国,Korea Republic,KOR,GDP（现价美元）,NY.GDP.MKTP.CD,3957873926,2417237754,2813933900,3988246109,3458518494,3120307808,3928171298,4854576371,6117260076,7675805108,8999227202,9889961112,10842220469,13841885921,19482038223,21704752066,29779338843,38265082645,51700619835,66567975207,64980820835,72425590649,77773431088,87024427973,96597434180,1.00E+11,1.16E+11,1.46E+11,1.97E+11,2.44E+11,2.79E+11,3.26E+11,3.50E+11,3.86E+11,4.56E+11,5.56E+11,5.98E+11,5.58E+11,3.74E+11,4.85E+11,5.62E+11,5.33E+11,6.09E+11,6.81E+11,7.65E+11,8.98E+11,1.01E+12,1.12E+12,1.00E+12,9.02E+11,1.09E+12,1.20E+12,1.22E+12,1.31E+12,1.41E+12,1.38E+12,1.41E+12,1.53E+12
科威特,Kuwait,KWT,GDP（现价美元）,NY.GDP.MKTP.CD,,,,,,2097451694,2391486978,2441893027,2663119574,2769532344,2873984878,3880370402,4451200973,5408293999,13004774557,12024138276,13131668947,14135729588,15500908760,24746019537,28638550499,25056672166,21577977770,20869434305,21697297872,21442619681,17903681693,22365734482,20692472760,24312117767,18427777778,11008793176,19858555215,23941391391,24848483838,27191689008,31493987642,30354434553,25941929462,30121879435,37711864407,34890772742,38137545245,47875838926,59440108585,80797945205,1.02E+11,1.15E+11,1.47E+11,1.06E+11,1.15E+11,1.54E+11,1.74E+11,1.74E+11,1.63E+11,1.15E+11,1.11E+11,1.20E+11
摩洛哥,Morocco,MAR,GDP（现价美元）,NY.GDP.MKTP.CD,2037150716,2025689537,2379606422,2657247327,2798339769,2948325264,2876395613,3046339295,3271415868,3651615453,3956328426,4356633663,5074117545,6242177798,7675408486,8984824183,9584323309,11049896742,13236854105,15912133569,21728770055,17788171722,17692341358,16251460689,14824728528,14991283216,19462175322,21765261042,25705296184,26314220188,30180108562,32285388165,33711069431,31655473664,35604137423,39030285468,43161452678,39147844526,41806219379,41632027600,38857251336,39459581217,42236836821,52064058834,59626020162,62343022651,68640825481,79041294874,92507257784,92897320376,93216746662,1.01E+11,98266306615,1.07E+11,1.10E+11,1.01E+11,1.04E+11,1.09E+11
墨西哥,Mexico,MEX,GDP（现价美元）,NY.GDP.MKTP.CD,13040000000,14160000000,15200000000,16960000000,20080000000,21840000000,24320000000,26560000000,29360000000,32480000000,35520000000,39200000000,45200000000,55280000000,72000000000,88000000000,89025974026,81814159292,1.03E+11,1.35E+11,1.94E+11,2.50E+11,1.74E+11,1.49E+11,1.76E+11,1.84E+11,1.29E+11,1.40E+11,1.83E+11,2.23E+11,2.63E+11,3.14E+11,3.64E+11,5.01E+11,5.28E+11,3.60E+11,4.11E+11,5.00E+11,5.27E+11,6.00E+11,7.08E+11,7.57E+11,7.72E+11,7.29E+11,7.82E+11,8.77E+11,9.75E+11,1.05E+12,1.11E+12,9.00E+11,1.06E+12,1.18E+12,1.20E+12,1.27E+12,1.31E+12,1.17E+12,1.08E+12,1.15E+12
尼日利亚,Nigeria,NGA,GDP（现价美元）,NY.GDP.MKTP.CD,4196092258,4467200336,4909302954,5165489010,5552822484,5874422512,6366792664,5203135937,5200895982,6634187316,12545849083,9181769912,12274416018,15162871287,24846641318,27778934625,36308883249,36035407725,36527862209,47259911894,64201788123,61076493506,51397461686,35451565749,28500815241,28873977228,20721499308,24093203445,23272161397,24231168859,30757075595,27392886873,29300903643,15789003753,18086400536,28546958641,34987951375,35822342618,32004613750,35870792988,46386011231,44137994252,59116847822,67655813930,87845420504,1.12E+11,1.45E+11,1.66E+11,2.08E+11,1.69E+11,3.69E+11,4.12E+11,4.61E+11,5.15E+11,5.68E+11,4.81E+11,4.05E+11,3.76E+11
荷兰,Netherlands,NLD,GDP（现价美元）,NY.GDP.MKTP.CD,12276734172,13493833740,14647057370,15891241386,18699380731,21000586933,22867203317,25087562181,27817605743,31503868835,37677621538,44010160464,54008338918,70924006306,86129928027,98970041042,1.08E+11,1.25E+11,1.54E+11,1.77E+11,1.93E+11,1.62E+11,1.56E+11,1.51E+11,1.42E+11,1.42E+11,1.98E+11,2.42E+11,2.59E+11,2.55E+11,3.14E+11,3.23E+11,3.58E+11,3.49E+11,3.74E+11,4.47E+11,4.46E+11,4.12E+11,4.32E+11,4.42E+11,4.13E+11,4.27E+11,4.65E+11,5.72E+11,6.51E+11,6.79E+11,7.27E+11,8.39E+11,9.36E+11,8.58E+11,8.36E+11,8.94E+11,8.29E+11,8.67E+11,8.80E+11,7.58E+11,7.77E+11,8.26E+11
挪威,Norway,NOR,GDP（现价美元）,NY.GDP.MKTP.CD,5163271598,5632460937,6066976683,6510239503,7159202706,8058681060,8696460205,9514496703,10159934137,11063065083,12814123115,14583114840,17358610850,22534253703,27145693810,32877805200,35942270686,41508030431,46523091010,53132244624,64439382896,63596654761,62647195538,61627240831,62057955033,65416879914,78693253276,94230055659,1.02E+11,1.03E+11,1.20E+11,1.22E+11,1.31E+11,1.21E+11,1.27E+11,1.52E+11,1.64E+11,1.61E+11,1.54E+11,1.62E+11,1.71E+11,1.74E+11,1.95E+11,2.29E+11,2.64E+11,3.09E+11,3.45E+11,4.01E+11,4.63E+11,3.87E+11,4.29E+11,4.99E+11,5.10E+11,5.24E+11,4.99E+11,3.87E+11,3.71E+11,3.99E+11
新西兰,New Zealand,NZL,GDP（现价美元）,NY.GDP.MKTP.CD,5485854792,5670064168,6077496268,6638937283,7274144351,5654463586,5863733231,5961418094,5180597621,5761588762,6623527495,8066935949,9820126398,13024906080,14069222284,12995256381,13612626656,15470524341,18614130435,20580987679,23149971048,24167846141,24345229425,24482781283,21903971793,24950895141,30604668357,40338594862,45493075684,44170562822,45519034244,42756020707,41636005955,46712018141,55154160816,63918039320,70140835299,66074513018,56227696195,58762260626,52622842840,53872425917,66627729311,88250885550,1.04E+11,1.15E+11,1.12E+11,1.37E+11,1.33E+11,1.21E+11,1.47E+11,1.68E+11,1.76E+11,1.91E+11,2.01E+11,1.78E+11,1.89E+11,2.06E+11
秘鲁,Peru,PER,GDP（现价美元）,NY.GDP.MKTP.CD,2571908062,2899654840,3286773188,3600957771,4356913870,5166861068,6113607728,6204253759,5736083835,6420909790,7432223177,8289582884,9189413409,10994381895,13858441211,16877163792,15947709380,14620386674,12495779622,15962459447,18134029180,21649137620,21793496819,17345624454,17599660054,16548827018,15244232958,20702298397,15439408447,22499559086,26410386669,34672122381,36139225288,35158109999,44882079767,53312793687,55252414130,58147522523,55501467877,50187324568,51744749133,52030158775,54777553515,58731030122,66768703498,76060606061,88643193062,1.02E+11,1.21E+11,1.21E+11,1.48E+11,1.72E+11,1.93E+11,2.01E+11,2.01E+11,1.90E+11,1.92E+11,2.11E+11
波兰,Poland,POL,GDP（现价美元）,NY.GDP.MKTP.CD,,,,,,,,,,,,,,,,,,,,,,,,,,,,,,,65977749037,85500935935,94337050693,96045645026,1.11E+11,1.42E+11,1.60E+11,1.59E+11,1.74E+11,1.70E+11,1.72E+11,1.91E+11,1.99E+11,2.18E+11,2.55E+11,3.06E+11,3.45E+11,4.29E+11,5.34E+11,4.40E+11,4.79E+11,5.29E+11,5.00E+11,5.24E+11,5.45E+11,4.77E+11,4.71E+11,5.25E+11
朝鲜民主主义人民共和国,Korea DPR,PRK,GDP（现价美元）,NY.GDP.MKTP.CD,,,,,,,,,,,,,,,,,,,,,,,,,,,,,,,,,,,,,,,,,,,,,,,,,,,,,,,,,,
葡萄牙,Portugal,PRT,GDP（现价美元）,NY.GDP.MKTP.CD,3193200404,3417516639,3668222358,3905734460,4235608178,4687464055,5135387846,5740241166,6354262628,6969025826,8109032775,9202512367,11240223128,15092052330,17514112076,19349512941,20334835544,21441635411,23489924726,26625439344,32899759311,31980423453,30530759334,27242331886,25220451794,27118476174,38749715722,48187667853,56352797354,60600056659,78721607509,89242382961,1.08E+11,95019103603,99698453261,1.18E+11,1.23E+11,1.17E+11,1.24E+11,1.27E+11,1.18E+11,1.22E+11,1.34E+11,1.65E+11,1.89E+11,1.97E+11,2.09E+11,2.40E+11,2.62E+11,2.44E+11,2.38E+11,2.45E+11,2.16E+11,2.26E+11,2.30E+11,1.99E+11,2.05E+11,2.18E+11
巴拉圭,Paraguay,PRY,GDP（现价美元）,NY.GDP.MKTP.CD,,,,,,400129691.3,421700442.1,451524124.6,477012512.7,512728946,548758098.4,609047284.9,697291727.8,889357059.5,1199618980,1351889403,1540820245,1912353340,2350329157,3135123879,4094810488,5219516810,5067450002,5237432542,4067222369,2966234106,3439716562,3778316380,4082625953,4599970618,5695201563,6984367763,7157424031,7249533620,7870982171,9062131308,9788391733,9965225497,9024567484,8392549702,8195993231,7662595076,6325151760,6588103836,8033877360,8734653809,10646157920,13794910634,18504130753,15929902138,20030528043,25099681461,24595319574,28965906502,30881166852,27282581336,27424071373,29734895249
罗马尼亚,Romania,ROU,GDP（现价美元）,NY.GDP.MKTP.CD,,,,,,,,,,,,,,,,,,,,,,,,,,,,38413636364,40809523810,42105263158,38995454545,28998684211,25121666667,26362894737,30074440483,37662075750,37182938696,35838588170,41976002704,36183003978,37438527800,40716836998,46174557556,59867801205,76216441462,99697566668,1.24E+11,1.76E+11,2.14E+11,1.73E+11,1.67E+11,1.84E+11,1.72E+11,1.92E+11,1.99E+11,1.78E+11,1.88E+11,2.12E+11
沙特阿拉伯,Saudi Arabia,SAU,GDP（现价美元）,NY.GDP.MKTP.CD,,,,,,,,,4187777711,4485777644,5377333333,7184853348,9664157499,14947391140,45412957746,46773368206,64005665722,74188249979,80265619485,1.12E+11,1.65E+11,1.84E+11,1.53E+11,1.29E+11,1.20E+11,1.04E+11,86961922765,85695861148,88256074766,95344459279,1.18E+11,1.32E+11,1.37E+11,1.33E+11,1.35E+11,1.43E+11,1.59E+11,1.66E+11,1.47E+11,1.62E+11,1.90E+11,1.84E+11,1.90E+11,2.16E+11,2.59E+11,3.28E+11,3.77E+11,4.16E+11,5.20E+11,4.29E+11,5.28E+11,6.71E+11,7.36E+11,7.47E+11,7.56E+11,6.54E+11,6.45E+11,6.84E+11
塞内加尔,Senegal,SEN,GDP（现价美元）,NY.GDP.MKTP.CD,792824707.3,836493109.2,857425916.2,886387156.1,939145851.2,955834893.3,984942988.1,984605369.3,1034293645,983621024.1,1024832915,1058120427,1280328245,1471913474,1658273721,2235746645,2266860656,2320786491,2591178368,3226678628,3503282103,3176771103,3109677456,2774199193,2705535756,2962199836,4189860416,5040708115,4985153203,4913065111,5716644272,5617236033,6004885321,5678827999,3877196915,4878719133,5065830414,4672503920,5030344074,5144045360,4679604754,4877602060,5333862371,6858952880,8031344381,8707015771,9358710935,11284603071,13439023281,12814961485,12948906289,14390776644,14225310519,14851057085,15304363138,13640668374,14683747154,16374743753
萨尔瓦多,El Salvador,SLV,GDP（现价美元）,NY.GDP.MKTP.CD,,,,,,877720000,929520000,976200000,1009760100,1049400000,1132920000,1186120000,1263720000,1442320000,1665880000,1884120100,2328280100,2941640100,3127960000,3463639900,3573959900,3437200200,3399189100,3506347800,3661683400,3800368600,3771663200,3958045800,4189880000,4372215300,4817542204,5252342400,5813399300,6680269200,7679384000,8921947100,9586327800,10221705900,10936669900,11284197000,11784927700,12282533600,12664190300,13243892200,13724810900,14698001400,15999886400,17011750900,17986886200,17601616000,18447922400,20283783700,21386153000,21977401900,22585841200,23166030400,23912227500,24805439600
塞尔维亚,Serbia,SRB,GDP（现价美元）,NY.GDP.MKTP.CD,,,,,,,,,,,,,,,,,,,,,,,,,,,,,,,,,,,,16750000000,20948677840,24147996550,18284194680,18409364147,6540247190,12267175481,16116843146,21188704081,24861483281,26252007830,30607991862,40289556656,49259526053,42616653300,39460357731,46466728667,40742313861,45519650911,44210806366,37160332465,38299854688,41431648801
斯洛伐克共和国,Slovakia,SVK,GDP（现价美元）,NY.GDP.MKTP.CD,,,,,,,,,,,,,,,,,,,,,,,,,,,,,,,12694544693,14213045494,15431288006,16452201101,20079363626,25733043137,27821913815,27660149541,29828899206,30415095887,29114875622,30703017450,35083608131,46731767494,57240535138,62697540107,70596729394,86304245825,1.00E+11,88945625174,89501012916,98181259740,93413992956,98478349315,1.01E+11,87501423882,89768598023,95769031980
斯洛文尼亚,Slovenia,SVN,GDP（现价美元）,NY.GDP.MKTP.CD,,,,,,,,,,,,,,,,,,,,,,,,,,,,,,,,,,,,21273055398,21480023017,20749140606,22125435372,22689994990,20342201356,20875387068,23563576758,29697448108,34470227454,36346974008,39587732029,48114688201,55589849128,50244793832,48013606745,51290792018,46352802766,48116256926,49904928335,43072415017,44708598649,48769655479
瑞典,Sweden,SWE,GDP（现价美元）,NY.GDP.MKTP.CD,14842870293,16147160123,17511477311,18954132366,21137242561,23260320646,25302033132,27463409202,29143383491,31649203886,37555366021,40980345656,48263914959,58567384059,65082581295,81716751698,88102107647,93136775103,1.03E+11,1.22E+11,1.40E+11,1.28E+11,1.13E+11,1.04E+11,1.08E+11,1.13E+11,1.48E+11,1.80E+11,2.04E+11,2.15E+11,2.58E+11,2.70E+11,2.80E+11,2.10E+11,2.26E+11,2.64E+11,2.88E+11,2.64E+11,2.67E+11,2.71E+11,2.60E+11,2.40E+11,2.64E+11,3.31E+11,3.82E+11,3.89E+11,4.20E+11,4.88E+11,5.14E+11,4.30E+11,4.88E+11,5.63E+11,5.44E+11,5.79E+11,5.74E+11,4.98E+11,5.14E+11,5.38E+11
多哥,Togo,TGO,GDP（现价美元）,NY.GDP.MKTP.CD,121128073.1,126396469.7,132237441.6,143255784.5,166104067.6,187300336.4,216136263.9,231706475.5,241956910.7,267732446.4,253976626.2,286537525,335677636.9,406479906.2,560437742.6,617321669.4,619375134.2,777435020.5,824263841.5,891775906.6,1136408814,962347001,821651918.7,765746590.6,718148959.6,762359722.7,1060911735,1249099130,1378847487,1352949663,1628427515,1602299863,1692959110,1233496846,982624324.5,1309382885,1465448290,1498950899,1587345951,1576094566,1294250233,1332328999,1474630207,1673690430,1937074572,2115154262,2202809251,2523462557,3163416242,3163000529,3172945645,3756023160,3866618282,4080929201,4482880424,4087775415,4388569576,4812554346
特立尼达和多巴哥,Trinidad and Tobago,TTO,GDP（现价美元）,NY.GDP.MKTP.CD,535670127.7,584961208.7,619319197.3,678235373,711893367.6,736568861.9,723735635.5,761981474,758899950,779200000,821850000,896754316.7,1083381044,1308799459,2042031901,2442667573,2500410584,3138666667,3562333458,4602416625,6235833333,6992083333,8140416667,7763750000,7757083333,7375918367,4794444444,4797777778,4496852073,4323058824,5068000000,5307905882,5439552941,4669488516,4947205860,5329214163,5759537726,5737751332,6043694330,6808982521,8154338233,8824873259,9008273721,11305459802,13280275123,15982282462,18369070085,21642304046,27870257894,19175196446,22157948396,25433011405,25622915889,26578524198,27199856454,24402499451,22320008403,22104775828
突尼斯,Tunisia,TUN,GDP（现价美元）,NY.GDP.MKTP.CD,,,,,,991047619,1040952381,1085714286,1214666667,1289904762,1439238095,1685217059,2237476420,2730787476,3545933562,4328610490,4507929104,5109324009,5968044210,7188191882,8744134354,8428513568,8133401050,8350176783,8254891864,8410185740,9018136020,9696271268,10096292842,10102075213,12290568182,13074782609,15497286296,14608946896,15632463424,18030876599,19587322786,20746360430,21803372267,22943685719,21473188882,22066101341,23142294436,27453084983,31183139301,32273007554,34378437265,38908069299,44856586316,43454935940,44050929160,45810626509,45044112939,46251061734,47587913059,43156708809,42062549395,40256675209
土耳其,Turkey,TUR,GDP（现价美元）,NY.GDP.MKTP.CD,13995067818,8022222222,8922222222,10355555556,11177777778,11944444444,14122222222,15666666667,17500000000,19466666667,17086956522,16256619964,20431095406,25724381625,35599913836,44633707243,51280134554,58676813687,65147022486,89394085658,68789289566,71040020140,64546332581,61678280115,59989909458,67234948265,75728009963,87172789528,90852814005,1.07E+11,1.51E+11,1.50E+11,1.58E+11,1.80E+11,1.31E+11,1.69E+11,1.81E+11,1.90E+11,2.76E+11,2.56E+11,2.73E+11,2.00E+11,2.38E+11,3.12E+11,4.05E+11,5.01E+11,5.52E+11,6.76E+11,7.64E+11,6.45E+11,7.72E+11,8.33E+11,8.74E+11,9.51E+11,9.34E+11,8.60E+11,8.64E+11,8.51E+11
乌克兰,Ukraine,UKR,GDP（现价美元）,NY.GDP.MKTP.CD,,,,,,,,,,,,,,,,,,,,,,,,,,,,64087694038,74703517903,82709161099,81456918679,77464561150,73942235330,65648559903,52549555149,48213868178,44558077827,50150399792,41883241472,31580639045,31261527363,38009344577,42392896031,50132953288,64883060726,86142018069,1.08E+11,1.43E+11,1.80E+11,1.17E+11,1.36E+11,1.63E+11,1.76E+11,1.83E+11,1.34E+11,91030959455,93270479389,1.12E+11
乌拉圭,Uruguay,URY,GDP（现价美元）,NY.GDP.MKTP.CD,1242289239,1547388781,1710004407,1539681491,1975701816,1890769326,1809183975,1597721080,1593675330,2004435484,2137096774,2807258065,2189418001,3964295673,4090209682,3538283322,3667161241,4114667063,4910257283,7181185278,10163020116,11048335541,9178802163,5102281256,4850241442,4732017873,5880112788,7367494080,8213515459,8438951476,9298839655,11205971155,12878199881,15002106518,17474647792,19297663097,20515543039,23969823010,25385928198,23983945191,22823255802,20898788417,13606494599,12045631093,13686329890,17362857684,19579457966,23410572634,30366213119,31660911277,40284481652,47962439304,51264390116,57531233351,57236013086,53274304222,52687612262,56156972158
美国,USA,USA,GDP（现价美元）,NY.GDP.MKTP.CD,5.43E+11,5.63E+11,6.05E+11,6.39E+11,6.86E+11,7.44E+11,8.15E+11,8.62E+11,9.43E+11,1.02E+12,1.08E+12,1.17E+12,1.28E+12,1.43E+12,1.55E+12,1.69E+12,1.88E+12,2.09E+12,2.36E+12,2.63E+12,2.86E+12,3.21E+12,3.34E+12,3.64E+12,4.04E+12,4.35E+12,4.59E+12,4.87E+12,5.25E+12,5.66E+12,5.98E+12,6.17E+12,6.54E+12,6.88E+12,7.31E+12,7.66E+12,8.10E+12,8.61E+12,9.09E+12,9.66E+12,1.03E+13,1.06E+13,1.10E+13,1.15E+13,1.23E+13,1.31E+13,1.39E+13,1.45E+13,1.47E+13,1.44E+13,1.50E+13,1.55E+13,1.62E+13,1.67E+13,1.74E+13,1.81E+13,1.86E+13,1.94E+13
南非,South Africa,ZAF,GDP（现价美元）,NY.GDP.MKTP.CD,7575248495,7972840543,8497830043,9423211536,10373792524,11334173317,12354752905,13777124458,14894302114,16780064399,18418031639,20334172260,21358137115,29293948127,36806475350,38114942529,36601885925,40649724011,46737580497,57647268409,82984078069,89629496833,82696902010,88786580363,87880468269,69208451593,82107924006,1.07E+11,1.18E+11,1.29E+11,1.16E+11,1.24E+11,1.35E+11,1.34E+11,1.40E+11,1.55E+11,1.48E+11,1.53E+11,1.38E+11,1.37E+11,1.36E+11,1.22E+11,1.16E+11,1.75E+11,2.29E+11,2.58E+11,2.72E+11,2.99E+11,2.87E+11,2.97E+11,3.75E+11,4.17E+11,3.96E+11,3.67E+11,3.51E+11,3.18E+11,2.96E+11,3.49E+11
俄罗斯联邦,Russia,RUS,GDP（现价美元）,NY.GDP.MKTP.CD,,,,,,,,,,,,,,,,,,,,,,,,,,,,,,5.07E+11,5.17E+11,5.18E+11,4.60E+11,4.35E+11,3.95E+11,3.96E+11,3.92E+11,4.05E+11,2.71E+11,1.96E+11,2.60E+11,3.07E+11,3.45E+11,4.30E+11,5.91E+11,7.64E+11,9.90E+11,1.30E+12,1.66E+12,1.22E+12,1.52E+12,2.05E+12,2.21E+12,2.30E+12,2.06E+12,1.37E+12,1.28E+12,1.58E+12
